year,section,rank,title,url
2006,Missed from the original list,,Subverting AJAX,https://fahrplan.events.ccc.de/congress/2006/Fahrplan/attachments/1158-Subverting_Ajax.pdf
2006,Missed from the original list,,Cross-Site Cooking,https://lcamtuf.coredump.cx/cross_site_cooking.txt
2006,Missed from the original list,,SQL Injections by Truncation,https://www.blackhat.com/presentations/bh-usa-06/BH-US-06-Neerumalla.pdf
2006,Missed from the original list,,Ajax (in)security,https://www.blackhat.com/presentations/bh-usa-06/BH-US-06-Hoffman.pdf
2006,Missed from the original list,,Breaking AJAX Web Applications: Vulns 2.0 in Web 2.0,https://www.blackhat.com/presentations/bh-jp-06/BH-JP-06-Stamos-Lackey.pdf
2006,Missed from the original list,,Self-contained XSS Attacks,https://www.gnucitizen.org/blog/self-contained-xss-attacks/
2006,Other nominations,,The Attack of the TINY URLs,https://www.gnucitizen.org/blog/the-attack-of-the-tiny-urls/
2006,Other nominations,,Backdooring MP3 Files,https://www.gnucitizen.org/blog/backdooring-mp3-files/
2006,Other nominations,,CSS history hacking with evil marketing,http://www.cgisecurity.com/2006/10/02
2006,Other nominations,,Stealing Search Engine Queries with JavaScript,http://www.spidynamics.com/spilabs/education/articles/JS-search.html
2006,Other nominations,,MX Injection : Capturing and Exploiting Hidden Mail Servers,http://www.webappsec.org/projects/articles/121106.shtml
2006,Other nominations,,Blind web server fingerprinting,https://www.whitehatsec.com/home/resources/presentations/files/javascript_malware.pdf
2006,Other nominations,,CSRF with MS Word,https://web.archive.org/web/20070101051946/http://michaeldaw.org/md-hacks/csrf-with-msword/
2006,Other nominations,,Backdooring PDF Files,https://web.archive.org/web/20070102032610/http://michaeldaw.org/md-hacks/backdooring-pdf-files/
2006,Other nominations,,Malformed URL in Image Tag Fingerprints Internet Explorer,http://ha.ckers.org/blog/20061206/malformed-url-in-image-tag-fingerprints-internet-explorer/
2006,Other nominations,,JavaScript Portscanning and bypassing HTTP Auth,http://blog.php-security.org/archives/54-JavaScriptHTML-Portscanning-and-HTTP-Auth.html
2006,Other nominations,,Bruteforcing HTTP Auth in Firefox with JavaScript,http://blog.php-security.org/archives/56-Bruteforcing-HTTP-Auth-in-Firefox-with-JavaScript.html
2006,Other nominations,,Bypassing Mozilla Port Blocking,https://jeremiahgrossman.blogspot.com/2006/11/bypassing-mozilla-port-blocking.html
2006,Other nominations,,How to defeat digg.com,https://4diggers.blogspot.com/
2006,Other nominations,,A story that diggs itself,http://ha.ckers.org/blog/20060615/a-story-that-diggs-itself/
2006,Other nominations,,Expect Header Injection Via Flash,http://ha.ckers.org/blog/20060731/expect-header-injection-via-flash/
2006,Other nominations,,Cross Domain Leakage With Image Size,http://ha.ckers.org/blog/20060728/cross-domain-leakage-with-image-size/
2006,Other nominations,,Enumerating Through User Accounts,http://ha.ckers.org/blog/20061118/enumerating-through-user-accounts/
2006,Other nominations,,Widespread XSS for Google Search Appliance,"http://sla.ckers.org/forum/read.php?3,3109"
2006,Other nominations,,Detecting States of Authentication With Protected Images,http://ha.ckers.org/blog/20061108/detecting-states-of-authentication-with-protected-images/
2006,Other nominations,,XSS Fragmentation Attacks,"http://sla.ckers.org/forum/read.php?13,2033"
2006,Other nominations,,Poking new holes with Flash Crossdomain Policy Files,http://www.hardened-php.net/library/poking_new_holes_with_flash_crossdomain_policy_files.html
2006,Other nominations,,Google Indexes XSS,http://ha.ckers.org/blog/20060928/google-indexes-xss/
2006,Other nominations,,XML Intranet Port Scanning,http://www.sift.com.au/36/172/xml-port-scanning-bypassing-restrictive-perimeter-firewalls.htm
2006,Other nominations,,IMAP Vulnerable to XSS,http://www.ngssoftware.com/research/papers/InterProtocolCommunication.pdf
2006,Other nominations,,Detecting Privoxy Users and Circumventing It,http://ha.ckers.org/blog/20060911/detecting-privoxy-users-and-circumventing-it/
2006,Other nominations,,Using CSS to De-Anonymize,http://ha.ckers.org/blog/20060911/using-css-to-de-anonymize/
2006,Other nominations,,Response Splitting Filter Evasion,http://ha.ckers.org/blog/20060827/response-splitting-filter-evasion/
2006,Other nominations,,CSS History Stealing Acts As Cookie,http://ha.ckers.org/blog/20060823/css-history-stealing-acts-as-cookie/
2006,Other nominations,,Detecting FireFox Extentions,http://ha.ckers.org/blog/20060823/detecting-firefox-extentions/
2006,Other nominations,,Stealing User Information Via Automatic Form Filling,http://ha.ckers.org/blog/20060821/stealing-user-information-via-automatic-form-filling/
2006,Other nominations,,Circumventing DNS Pinning for XSS,http://ha.ckers.org/blog/20060815/circumventing-dns-pinning-for-xss/
2006,Other nominations,,Netflix.com XSRF vuln,http://www.webappsec.org/lists/websecurity/archive/2006-10/msg00063.html
2006,Other nominations,,Browser Port Scanning without JavaScript,https://jeremiahgrossman.blogspot.com/2006/11/browser-port-scanning-without.html
2006,Other nominations,,Widespread XSS for Google Search Appliance,"http://sla.ckers.org/forum/read.php?3,3109,3124"
2006,Other nominations,,Bypassing Filters With Encoding,"http://sla.ckers.org/forum/read.php?2,3153,3153"
2006,Other nominations,,Variable Width Encoding,http://ha.ckers.org/blog/20060817/variable-width-encoding/
2006,Other nominations,,Network Scanning with HTTP without JavaScript,http://ilia.ws/archives/145-Network-Scanning-with-HTTP-without-JavaScript.html
2006,Other nominations,,AT&T Hack Highlights Web Site Vulnerabilities,http://www.informationweek.com/news/showArticle.jhtml?articleID=192500500&subSection=Breaking+News
2006,Other nominations,,How to get linked from Slashdot,https://jeremiahgrossman.blogspot.com/2006/09/how-to-get-linked-from-slashdot.html
2006,Other nominations,,F5 and Acunetix XSS disclosure,http://www.darkreading.com/document.asp?doc_id=104313&f_src=darkreading_section_296
2006,Other nominations,,Google plugs phishing hole,https://blogs.securiteam.com/index.php/archives/604
2006,Other nominations,,Nikon magazine hit with security breach,https://seclists.org/isn/2006/Sep/67
2006,Other nominations,,Governator Hack,https://www.infoworld.com/article/2322705/governator-hack-investigated.html
2006,Other nominations,,Metaverse breached: Second Life customer database hacked,http://www.techcrunch.com/2006/09/08/metaverse-breached-second-life-customer-database-hacked/
2006,Other nominations,,HostGator: cPanel Security Hole Exploited in Mass Hack,http://news.netcraft.com/archives/2006/09/23/hostgator_cpanel_security_hole_exploited_in_mass_hack.html
2006,Other nominations,,I know what you've got (Firefox Extensions),https://jeremiahgrossman.blogspot.com/2006/08/i-know-what-youve-got-firefox.html
2006,Other nominations,,ABC News (AU) XSS linking the reporter to Al Qaeda,https://jeremiahgrossman.blogspot.com/2006/01/my-tv-interview-with-abc-news-au.html
2006,Other nominations,,Account Hijackings Force LiveJournal Changes,http://blog.washingtonpost.com/securityfix/2006/01/account_hijackings_force_livej.html
2006,Other nominations,,Xanga Hit By Script Worm,https://blogs.securiteam.com/index.php/archives/166
2006,Other nominations,,Advanced Web Attack Techniques using GMail,http://jeremiahgrossman.blogspot.com/2006/01/advanced-web-attack-techniques-using.html
2006,Other nominations,,PayPal Security Flaw allows Identity Theft,http://news.netcraft.com/archives/2006/06/16/paypal_security_flaw_allows_identity_theft.html
2006,Other nominations,,Bypassing of web filters by using ASCII,http://www.securityfocus.com/archive/1/437948/30/0/threaded
2006,Other nominations,,Adultspace XSS Worm,http://ha.ckers.org/blog/20061214/adultspace-xss-worm/
2006,Other nominations,,Anonymizing RFI Attacks Through Google,https://blogs.securiteam.com/index.php/archives/746
2006,Other nominations,,Google Hacks On Your Behalf,http://ha.ckers.org/blog/20061123/google-hacks-on-your-behalf/
2006,Other nominations,,Google Dorks Strike Again,http://ha.ckers.org/blog/20061005/google-dorks-strike-again/
2006,Other nominations,,Backdooring Flash Objects,https://www.gnucitizen.org/blog/backdooring-flash-objects/
2006,Other nominations,,Backdooring Images,https://www.gnucitizen.org/blog/backdooring-images/
2006,Other nominations,,MySpace QuickTime Worm,http://www.spidynamics.com/spilabs/education/articles/MySpace-QuickTime%20Worm.html
2006,Other nominations,,CSRF with MS Word Part II,http://ha.ckers.org/blog/20061215/csrf-with-word-part-ii/
2006,Top 10,#1,JavaScript Port Scanning,https://www.whitehatsec.com/home/resources/presentations/files/javascript_malware.pdf
2006,Top 10,#2,"Internet Explorer 7 ""mhtml:"" Redirection Information Disclosure",https://secunia.com/advisories/22477/
2006,Top 10,,Anti-DNS Pinning,http://shampoo.antville.org/stories/1451301/
2006,Top 10,#4,I know where you've been,https://jeremiahgrossman.blogspot.com/2006/08/i-know-where-youve-been.html
2006,Top 10,#5,Backdooring QuickTime Movies,https://www.gnucitizen.org/blog/backdooring-quicktime-movies/
2006,Top 10,#6,Forging HTTP request headers with Flash,http://www.securityfocus.com/archive/1/441014/30/0/threaded
2006,Top 10,#7,Exponential XSS Attacks,http://ha.ckers.org/blog/20061211/exponential-xss-attacks/
2006,Top 10,#8,Selecting Encoding Methods For XSS Filter Evasion,http://ha.ckers.org/blog/20061103/selecting-encoding-methods-for-xss-filter-evasion/
2006,Top 10,#9,"Web Worms (AdultSpace, MySpace, Xanga)",http://www.whitehatsec.com/downloads/WHXSSThreats.pdf
2006,Top 10,#10,Hacking RSS Feeds,http://www.cgisecurity.com/papers/HackingFeeds.pdf
2007,Missed from the original list,,Exposing Private Information by Timing Web Applications,https://crypto.stanford.edu/~dabo/pubs/abstracts/webtiming.html
2007,Missed from the original list,,Heap Feng Shui in JavaScript,https://www.blackhat.com/presentations/bh-europe-07/Sotirov/Whitepaper/bh-eu-07-sotirov-WP.pdf
2007,Missed from the original list,,The ND2DB Attack: Database Content Extraction Using Timing Attacks on the Indexing Algorithms,https://www.usenix.org/legacy/event/woot07/tech/full_papers/futoransky/futoransky.pdf
2007,Missed from the original list,,Protecting Browsers from Frame Hijacking Attacks,https://seclab.stanford.edu/websec/frames/
2007,Missed from the original list,,JavaScript Hijacking,https://seclists.org/securecoding/2007/q2/0
2007,Missed from the original list,,The Ghost in the Browser: Analysis of Web-based Malware,https://www.usenix.org/conference/hotbots-07/ghost-browser-analysis-web-based-malware
2007,Missed from the original list,,"CaffeineMonkey: Automated Collection, Detection and Analysis of Malicious JavaScript",https://blackhat.com/presentations/bh-usa-07/Feinstein_and_Peck/Presentation/bh-usa-07-feinstein_and_peck.pdf
2007,Missed from the original list,,An Analysis of Browser Domain-Isolation Bugs and a Light-Weight Transparent Defense Mechanism,https://www.microsoft.com/en-us/research/?p=153771
2007,Missed from the original list,,Transaction Generators: Root Kits for Web,https://www.usenix.org/conference/hotsec-07/transaction-generators-root-kits-web
2007,Other nominations,,Stealing Pictures with Picasa,http://xs-sniper.com/blog/2007/09/24/stealing-pictures-with-picasa/
2007,Other nominations,,HScan Redux,https://www.gnucitizen.org/projects/hscan-redux/
2007,Other nominations,,ISO-8895-1 Vulnerable in Firefox to Null Injection,http://ha.ckers.org/blog/20070210/iso-8895-1-vulnerable-in-firefox-to-null-injection/
2007,Other nominations,,MITM attack to overwrite addons in Firefox,http://paranoia.dubfire.net/2007/05/remote-vulnerability-in-firefox.html
2007,Other nominations,,Microsoft ASP.NET Request Validation Bypass Vulnerability,http://www.procheckup.com/Vulner_PR0703.php
2007,Other nominations,,Non-Alpha-Non-Digit 3,http://ha.ckers.org/blog/20070209/non-alpha-non-digit-3/
2007,Other nominations,,Steal History without JavaScript,https://jeremiahgrossman.blogspot.com/2007/03/i-still-know-where-youve-been-without.html
2007,Other nominations,,"Pure Java™, Pure Evil™ Popups",https://hackademix.net/2007/08/07/java-evil-popups/
2007,Other nominations,,Google Adsense CSRF hole,http://www.thespanner.co.uk/2007/09/27/google-adsense-csrf-hole/
2007,Other nominations,,There's an OAK TREE in my blog!?!?!,http://xs-sniper.com/blog/2008/01/08/theres-an-oak-tree-in-my-blog/
2007,Other nominations,,BK for Mayor of Oak Tree View,http://xs-sniper.com/blog/2007/09/20/bk-for-mayor-of-oak-tree-view/
2007,Other nominations,,Google Docs puts Google Users at Risk,http://xs-sniper.com/blog/2007/09/26/google-docs-puts-google-users-at-risk/
2007,Other nominations,,All Your Google Docs are Belong To US...,http://xs-sniper.com/blog/2007/09/28/all-your-google-docs-are-belong-to-us/
2007,Other nominations,,Java Applets and DNS Rebinding,http://xs-sniper.com/blog/2007/11/04/java-applets-and-dns-rebinding/
2007,Other nominations,,Scanning internal Lan with PHP remote file opening.,http://www.wisec.it/sectou.php?id=46d592056b008
2007,Other nominations,,Firefox File Handling Woes,http://xs-sniper.com/blog/2007/09/01/firefox-file-handling-woes/
2007,Other nominations,,Bugs in the Browser: Firefox's DATA URL Scheme Vulnerability,https://www.gnucitizen.org/blog/bugs-in-the-browser-firefoxs-data-url-scheme-vulnerability
2007,Other nominations,,"Multiviews Apache, Accept Requests and free listing",http://www.wisec.it/sectou.php?id=4698ebdc59d15
2007,Other nominations,,Optimizing the number of requests in blind SQL injection,http://www.wisec.it/sectou.php?id=4706611fe9210
2007,Other nominations,,Bursting Performances in Blind SQL Injection - Take 2 (Bandwidth),http://www.wisec.it/sectou.php?id=472f952d79293
2007,Other nominations,,Favorites Gone Wild,http://blog.watchfire.com/wfblog/2007/10/favorites-gone.html
2007,Other nominations,,Cross-Browser Proxy Unmasking,https://hackademix.net/2007/09/26/cross-browser-proxy-unmasking/
2007,Other nominations,,Spoofing Firefox protected objects,http://www.thespanner.co.uk/2007/11/14/spoofing-firefox-protected-objects/
2007,Other nominations,,Injecting the script tag into XML,http://www.thespanner.co.uk/2007/10/09/injecting-the-script-tag-into-xml/
2007,Other nominations,,Login Detection without JavaScript,https://jeremiahgrossman.blogspot.com/2007/05/intranet-hacking-take-2-for-bh-usa-2007.html
2007,Other nominations,,Username Enumeration Timing Attacks (Sensepost),https://www.sensepost.com/blog/1303.html
2007,Other nominations,,Recursive Request DoS,http://ha.ckers.org/blog/20070901/recursive-request-dos/
2007,Other nominations,,Exaggerating Timing Attack Results Via GET Flooding,http://ha.ckers.org/blog/20071209/exaggerating-timing-attack-results-via-get-flooding/
2007,Other nominations,,Initiating Probes Against Servers Via Other Servers,http://ha.ckers.org/blog/20071209/initiatin-probes-against-servers-via-other-servers/
2007,Other nominations,,Effects of DNS Rebinding On IE's Trust Zones,http://ha.ckers.org/blog/20071112/effects-of-dns-rebinding-on-ies-trust-zones/
2007,Other nominations,,Paper on Hacking Intranets Using Websites (Not Web Browsers),http://ha.ckers.org/blog/20070827/paper-on-hacking-intranets-using-websites-not-web-browsers/
2007,Other nominations,,More Port Scanning - This Time in Flash,http://scan.flashsec.org/
2007,Other nominations,,HTTP Response Splitting and Data: URI scheme in Firefox,http://www.wisec.it/sectou.php?id=472a5b8d1a4cd
2007,Other nominations,,Res:// Protocol Local File Enumeration,http://xs-sniper.com/blog/2007/07/20/more-uri-stuff-ies-resouce-uri/
2007,Other nominations,,Res Timing Attack,http://ha.ckers.org/blog/20070725/res-timing-attack/
2007,Other nominations,,IE6.0 Protocol Guessing,http://ha.ckers.org/blog/20070702/ie60-protocol-guessing/
2007,Other nominations,,IE 7 and Firefox Browsers Digest Authentication Request Splitting,http://www.wisec.it/vulns.php?id=11
2007,Other nominations,,Hacking Intranets Via Brute Force,http://ha.ckers.org/blog/20061228/hacking-intranets-via-brute-force/
2007,Other nominations,,Internet Archiver Port Scanner,http://ha.ckers.org/blog/20070323/internet-archiver-port-scanner/
2007,Other nominations,,Noisy Decloaking Methods,http://ha.ckers.org/blog/20070421/noisy-decloaking-methods/
2007,Other nominations,,Code Execution Through Filenames in Uploads,http://ha.ckers.org/blog/20070620/code-execution-through-filenames-in-uploads/
2007,Other nominations,,Cross Domain Basic Auth Phishing Tactics,http://ha.ckers.org/blog/20070608/cross-domain-basic-auth-phishing-tactics/
2007,Other nominations,,Additional Image Bypass on Windows,http://ha.ckers.org/blog/20070606/additional-image-bypass-on-windows/
2007,Other nominations,,Detecting users via Authenticated Redirects,https://kuza55.blogspot.com/2007/01/more-user-login-detection-via.html
2007,Other nominations,,Passing Malicious PHP Through getimagesize(),http://ha.ckers.org/blog/20070604/passing-malicious-php-through-getimagesize/
2007,Other nominations,,Turn Any Page Into A Greasemonkey Popup,https://web.archive.org/web/20071124032809/http://ha.ckers.org/blog/20070506/turn-any-page-into-a-greasemonkey-popup/
2007,Other nominations,,Enumerate Windows Users In JS,http://ha.ckers.org/blog/20070518/enumerate-windows-users-in-js/
2007,Other nominations,,Anti-DNS Pinning ( DNS Rebinding ) + Socket in FLASH,http://www.jumperz.net/index.php?i=2&a=3&b=3
2007,Other nominations,,Iframe HTTP Ping,http://ha.ckers.org/blog/20070119/iframe-http-ping/
2007,Other nominations,,Read Firefox Settings (PoC),http://ha.ckers.org/blog/20070516/read-firefox-settings-poc/
2007,Other nominations,,Stealing Mouse Clicks for Banner Fraud,http://ha.ckers.org/blog/20070116/stealing-mouse-clicks-for-banner-fraud/
2007,Other nominations,,(Non-Persistent) Untraceable XSS Attacks,https://kuza55.blogspot.com/2007/03/non-persistent-untraceable-xss-attacks.html
2007,Other nominations,,Inter Protocol Exploitation,http://ha.ckers.org/blog/20070411/intra-protocol-exploitation/
2007,Other nominations,,Detecting Default Browser in IE,http://ha.ckers.org/blog/20070319/detecting-default-browser-in-ie/
2007,Other nominations,,"Bypass port blocking in Firefox, Opera and Konqueror.",http://bindshell.net/papers/ftppasv
2007,Other nominations,,LocalRodeo Detection,http://ha.ckers.org/blog/20070403/localrodeo-detection/
2007,Other nominations,,Image Names Gone Bad,http://ha.ckers.org/blog/20070209/image-names-gone-bad/
2007,Other nominations,,IE Sends Local Addresses in Referer Header,http://ha.ckers.org/blog/20070325/ie-sends-local-addresses-in-referer-header/
2007,Other nominations,,Firefox Popup Blocker Allows Reading Arbitrary Local Files,http://www.securiteam.com/securitynews/5JP051FKKE.html
2007,Other nominations,,IE7.0 Detector,http://ha.ckers.org/blog/20070210/ie70-detector/
2007,Other nominations,,overwriting cookies on other people's domains in Firefox.,http://lcamtuf.dione.cc/ffhostname.html
2007,Other nominations,,Embeding SVG That Contains XSS Using Base64 Encoding in Firefox,http://ha.ckers.org/blog/20070216/embeding-svg-that-contains-xss-using-base64-encoding-in-firefox/
2007,Other nominations,,Firefox Header Redirection JavaScript Execution,http://ha.ckers.org/blog/20070309/firefox-header-redirection-javascript-execution/
2007,Other nominations,,Hacking without 0days: Drive-by Java,https://www.gnucitizen.org/blog/hacking-without-0days-drive-by-java/
2007,Other nominations,,Google Urchin password theft madness,https://www.gnucitizen.org/blog/google-urchin-password-theft-madness
2007,Other nominations,,Username Enumeration Vulnerabilities,https://www.gnucitizen.org/blog/username-enumeration-vulnerabilities
2007,Other nominations,,Client-side SQL Injection Attacks,https://www.gnucitizen.org/blog/client-side-sql-injection-attacks
2007,Other nominations,,Content-Disposition Hacking,https://www.gnucitizen.org/blog/content-disposition-hacking
2007,Other nominations,,Flash Cookie Object Tracking,https://www.gnucitizen.org/blog/flash-cookie-object-tracking/
2007,Other nominations,,Java JAR Attacks and Features,https://www.gnucitizen.org/blog/java-jar-attacks-and-features
2007,Other nominations,,Severe XSS in Google and Others due to the JAR protocol issues,https://www.gnucitizen.org/blog/severe-xss-in-google-and-others-due-to-the-jar-protocol-issues
2007,Other nominations,,0DAY: QuickTime pwns Firefox,https://www.gnucitizen.org/projects/0day-quicktime-pwns-firefox/
2007,Other nominations,,Exploiting Second Life,https://www.securityevaluators.com/sl/
2007,Top 10,#1,XSS Vulnerabilities in Common Shockwave Flash Files,https://docs.google.com/View?docid=ajfxntc4dmsq_14dt57ssdw&pli=1
2007,Top 10,#2,Universal XSS in Adobe's Acrobat Reader Plugin,http://archives.neohapsis.com/archives/fulldisclosure/2007-01/0062.html
2007,Top 10,,Web Mayhem: Firefox's JAR: Protocol issues,https://www.gnucitizen.org/blog/web-mayhem-firefoxs-jar-protocol-issues
2007,Top 10,#4,Cross-Site Printing (Printer Spamming),https://img2.helpnetsecurity.com/dl/articles/CrossSitePrinting.pdf
2007,Top 10,#5,Hiding JS in Valid Images,http://ha.ckers.org/blog/20070623/hiding-js-in-valid-images/
2007,Top 10,#6,Firefoxurl URI Handler Flaw,http://xs-sniper.com/blog/2007/07/17/firefoxurl-uri-handler-flaw/
2007,Top 10,#7,Anti-DNS Pinning ( DNS Rebinding ) : Online Demonstration,http://www.jumperz.net/index.php?i=2&a=1&b=7
2007,Top 10,#8,Google GMail E-mail Hijack Technique,https://www.gnucitizen.org/blog/google-gmail-e-mail-hijack-technique/
2007,Top 10,#9,PDF XSS Can Compromise Your Machine,http://ha.ckers.org/blog/20070103/pdf-xss-can-compromise-your-machine/
2007,Top 10,#10,Port Scan without JavaScript,https://jeremiahgrossman.blogspot.com/2006/11/browser-port-scanning-without.html
2008,Missed from the original list,,Robust Defenses for Cross-Site Request Forgery (Login CSRF & the Origin header),https://seclab.stanford.edu/websec/csrf/csrf.pdf
2008,Missed from the original list,,Creating a Rogue CA Certificate,http://www.phreedom.org/research/rogue-ca/
2008,Missed from the original list,,Securing Frame Communication in Browsers (postMessage target-origin security),https://www.usenix.org/legacy/event/sec08/tech/full_papers/barth/barth_html/index.html
2008,Missed from the original list,,ForceHTTPS: Protecting High-Security Web Sites from Network Attacks,https://archives.iw3c2.org/www2008/papers/pdf/p525-jacksonA.pdf
2008,Missed from the original list,,Black Ops 2008: It's The End Of The Cache As We Know It,https://blackhat.com/presentations/bh-jp-08/bh-jp-08-Kaminsky/BlackHat-Japan-08-Kaminsky-DNS08-BlackOps.pdf
2008,Missed from the original list,,On Race Vulnerabilities in Web Applications,https://roberto.greyhats.it/pubs/dimva08-web.pdf
2008,Missed from the original list,,Increased DNS Forgery Resistance Through 0x20-Bit Encoding,https://coeus.ece.gatech.edu/2008/10/01/DNS_Forgery/
2008,Missed from the original list,,Automatic Generation of XSS and SQL Injection Attacks with Goal-Directed Model Checking,https://www.usenix.org/legacy/event/sec08/tech/full_papers/martin/martin_html/index.html
2008,Missed from the original list,,CookieMonster: Fully Automated Active HTTPS Cookie Hijacking,https://fscked.org/projects/cookiemonster
2008,Missed from the original list,,"Exploitable Redirects on the Web: Identification, Prevalence, and Defense",https://www.usenix.org/event/woot08/tech/full_papers/shue/shue.pdf
2008,Other nominations,,CUPS Detection,https://jeremiahgrossman.blogspot.com/2008/03/fun-with-cups.html
2008,Other nominations,,CSRFing the uTorrent plugin,https://r00tin.blogspot.com/2008/04/utorrent-pwn3d.html
2008,Other nominations,,Bypassing URL Authentication and Authorization with HTTP Verb Tampering,https://www.aspectsecurity.com/documents/Bypassing_VBAAC_with_HTTP_Verb_Tampering.pdf
2008,Other nominations,,"I used to know what you watched, on YouTube (CSRF + Crossdomain.xml)",https://jeremiahgrossman.blogspot.com/2008/09/i-used-to-know-what-you-watched-on.html
2008,Other nominations,,Flash clipboard Hijack,https://blogs.adobe.com/psirt/2008/09/clipboard_attack_update.html
2008,Other nominations,,Flash Internet Explorer security model bug,http://blog.guya.net/2008/09/10/bug-in-internet-explorer-security-model-when-embedding-flash/
2008,Other nominations,,Frame Injection Fun,https://www.gnucitizen.org/blog/frame-injection-fun/
2008,Other nominations,,Free MacWorld Platinum Pass? Yes in 2008!,http://grutztopia.jingojango.net/2008/01/another-free-macworld-platinum-pass-yes.html
2008,Other nominations,,"Diminutive Worm, 161 byte Web Worm",http://ha.ckers.org/blog/20080110/diminutive-worm-contest-wrapup/
2008,Other nominations,,SNMP XSS Attack,https://web.archive.org/web/20130102183427/http://www.procheckup.com/media/41602/hacking_zyxel_gateways.pdf
2008,Other nominations,,Res Timing File Enumeration Without JavaScript in IE7.0,http://ha.ckers.org/blog/20080227/res-timing-file-enumeration-without-javascript-in-ie70/
2008,Other nominations,,Stealing Basic Auth with Persistent XSS,https://schmoil.blogspot.com/2008/03/stealing-basic-auth-with-persistent-xss.html
2008,Other nominations,,Smuggling SMTP through open HTTP proxies,https://schmoil.blogspot.com/2008/03/smuggling-smtp-through-open-http.html
2008,Other nominations,,Collecting Lots of Free 'Micro-Deposits',https://blog.wired.com/27bstroke6/2008/05/man-allegedly-b.html
2008,Other nominations,,Using your browser URL history to estimate gender,http://www.mikeonads.com/2008/07/13/using-your-browser-url-history-estimate-gender/
2008,Other nominations,,Cross-site File Upload Attacks,https://www.gnucitizen.org/blog/cross-site-file-upload-attacks/
2008,Other nominations,,Same Origin Bypassing Using Image Dimensions,http://i8jesus.com/?p=13
2008,Other nominations,,HTTP Proxies Bypass Firewalls,http://ha.ckers.org/blog/20080520/http-proxies-bypass-firewalls/
2008,Other nominations,,Join a Religion Via CSRF,http://ha.ckers.org/blog/20080403/join-a-religion-via-csrf/
2008,Other nominations,,JavaScript Global Namespace Pollution,https://www.gnucitizen.org/blog/javascript-global-namespace-pollution/
2008,Other nominations,,HTML/CSS Injections - Primitive Malicious Code,http://i8jesus.com/?p=10
2008,Other nominations,,Hacking Intranets Through Web Interfaces,http://www.sectheory.com/intranet-hacking.htm
2008,Other nominations,,Cookie Path Traversal,https://kuza55.blogspot.com/2008/07/cookie-path-traversal.html
2008,Other nominations,,Racing to downgrade users to cookie-less authentication,https://kuza55.blogspot.com/2008/02/racing-to-downgrade-users-to-cookie.html
2008,Other nominations,,MySQL and SQL Column Truncation Vulnerabilities,http://www.suspekt.org/2008/08/18/mysql-and-sql-column-truncation-vulnerabilities/
2008,Other nominations,,Building Subversive File Sharing With Client Side Applications,http://www.sectheory.com/file-sharing.htm
2008,Other nominations,,Firefox XML injection into parse of remote XML,http://scary.beasts.org/security/CESA-2008-010.html
2008,Other nominations,,"Firefox cross-domain information theft (simple text strings, some CSV)",http://scary.beasts.org/security/CESA-2008-011.html
2008,Other nominations,,Firefox 2 and WebKit nightly cross-domain image theft,http://scary.beasts.org/security/CESA-2008-009.html
2008,Other nominations,,Browser's Ghost Busters,https://sirdarckcat.blogspot.com/2008/05/browsers-ghost-busters.html
2008,Other nominations,,Exploiting XSS vulnerabilities on cookies,https://sirdarckcat.blogspot.com/2008/01/exploiting-xss-vulnerabilities-on.html
2008,Other nominations,,Cross Environment Hopping,http://blog.watchfire.com/wfblog/2008/06/cross-environ-1.html
2008,Other nominations,,Exploiting Logged Out XSS Vulnerabilities,https://kuza55.blogspot.com/2008/02/exploiting-logged-out-xss.html
2008,Other nominations,,Exploiting CSRF Protected XSS,https://kuza55.blogspot.com/2008/02/exploiting-csrf-protected-xss.html
2008,Other nominations,,Arbitrary TCP over uploaded pages,https://www.sensepost.com/research/reDuh/
2008,Other nominations,,Local DoS on CUPS to a remote exploit via specially-crafted webpage,https://www.gnucitizen.org/blog/pwning-ubuntu-via-cups/
2008,Other nominations,,JavaScript Code Flow Manipulation,http://blog.watchfire.com/wfblog/2008/06/javascript-code.html
2008,Other nominations,,"Common localhost dns misconfiguration can lead to ""same site"" scripting",http://seclists.org/bugtraq/2008/Jan/0270.html
2008,Other nominations,,Pulling system32 out over blind SQL Injection,http://blueinfy.com/wp/blindsql.pdf
2008,Other nominations,,Dialog Spoofing - Firefox Basic Authentication,https://web.archive.org/web/20080106144155/http://aviv.raffon.net/2008/01/02/YetAnotherDialogSpoofingFirefoxBasicAuthentication.aspx
2008,Other nominations,,Skype cross-zone scripting vulnerability,http://aviv.raffon.net/2008/01/17/SkypeCrosszoneScriptingVulnerability.aspx
2008,Other nominations,,Safari pwns Internet Explorer,https://web.archive.org/web/20081014003640/http://aviv.raffon.net:80/2008/05/31/SafariPwnsInternetExplorer.aspx
2008,Other nominations,,"IE ""Print Table of Links"" Cross-Zone Scripting Vulnerability",https://web.archive.org/web/20080519094504/http://aviv.raffon.net/2008/05/14/InternetExplorerQuotPrintTableOfLinksquotCrossZoneScriptingVulnerability.aspx
2008,Other nominations,,SSID Script Injection,http://usefulfor.com/security/2008/08/04/ssid-script-injection/
2008,Other nominations,,DHCP Script Injection,http://usefulfor.com/security/2008/08/04/dhcp-script-injection/
2008,Other nominations,,File Download Injection,https://dl.packetstormsecurity.net/papers/attack/Aspect_File_Download_Injection.pdf
2008,Other nominations,,Navigation Hijacking (Frame/Tab Injection Attacks),https://www.gnucitizen.org/blog/hijacking-innocent-frames/
2008,Other nominations,,UPnP Hacking via Flash,https://www.gnucitizen.org/blog/hacking-the-interwebs/
2008,Other nominations,,Total surveillance made easy with VoIP phone,https://www.gnucitizen.org/projects/total-surveillance-made-easy-with-voip-phones/
2008,Other nominations,,Social Networks Evil Twin Attacks,https://www.gnucitizen.org/blog/social-networks-evil-twin-attacks/
2008,Other nominations,,Recursive File Include DoS,http://websecurity.com.ua/2047/
2008,Other nominations,,Multi-pass filters bypass,http://websecurity.com.ua/2115/
2008,Other nominations,,Session Extending,http://websecurity.com.ua/2233/
2008,Other nominations,,Code Execution via XSS,https://web.archive.org/web/20090207124101/http://securityvulns.ru/Udocument911.html
2008,Other nominations,,Redirector's hell,http://websecurity.com.ua/2670/
2008,Other nominations,,Persistent SQL Injection,https://web.archive.org/web/20090212215719/http://securityvulns.ru/Vdocument24.html
2008,Other nominations,,JSON Hijacking with UTF-7,http://powerofcommunity.net/poc2008/hasegawa.pptx
2008,Other nominations,,SQL Smuggling,http://www.comsecglobal.com/FrameWork/Upload/SQL_Smuggling.pdf
2008,Other nominations,,Abusing PHP Sockets,http://www.secforce.co.uk/media/presentations/OWASP_Abusing_PHP_sockets.pdf
2008,Other nominations,,CSRF on Novell GroupWise WebAccess,http://www.procheckup.com/vulnerability_manager/vulnerabilities/pr08-21
2008,Top 10,#1,GIFAR,http://riosec.com/how-to-create-a-gifar
2008,Top 10,#2,Breaking Google Gears' Cross-Origin Communication Model,http://blog.watchfire.com/wfblog/2008/12/breaking-google-gears-cross-origin-communication-model.html
2008,Top 10,#3,Safari Carpet Bomb,http://www.dhanjani.com/blog/2008/05/safari-carpet-b.html
2008,Top 10,#4,Clickjacking / Videojacking,https://jeremiahgrossman.blogspot.com/2008/10/clickjacking-web-pages-can-see-and-hear.html
2008,Top 10,#5,A different Opera,https://web.archive.org/web/20090403024932/http://aviv.raffon.net:80/2008/10/30/ADifferentOpera.aspx
2008,Top 10,#6,Abusing HTML 5 Structured Client-side Storage,http://trivero.secdiscover.com/html5whitepaper.pdf
2008,Top 10,#7,Cross-domain leaks of site logins via Authenticated CSS,https://scarybeastsecurity.blogspot.com/2008/08/cross-domain-leaks-of-site-logins.html
2008,Top 10,#8,Tunneling tcp over http over sql-injection,https://www.sensepost.com/research/reDuh/SensePost_2008.tgz
2008,Top 10,,ActiveX Repurposing,https://carnal0wnage.blogspot.com/2008/08/owning-client-without-and-exploit.html
2008,Top 10,#10,Flash Parameter Injection,http://blog.watchfire.com/wfblog/2008/10/flash-parameter.html
2009,Missed from the original list,,New Tricks for Defeating SSL in Practice (sslstrip & null-prefix certificates),https://blackhat.com/presentations/bh-dc-09/Marlinspike/BlackHat-DC-09-Marlinspike-Defeating-SSL.pdf
2009,Missed from the original list,,TLS Renegotiation authentication gap (CVE-2009-3555),https://www.kb.cert.org/vuls/id/120541/
2009,Missed from the original list,,Pretty-Bad-Proxy: An Overlooked Adversary in Browsers' HTTPS Deployments,https://www.microsoft.com/en-us/research/publication/pretty-bad-proxy-an-overlooked-adversary-in-browsers-https-deployments/
2009,Missed from the original list,,"Cross-Origin JavaScript Capability Leaks: Detection, Exploitation, and Defense",https://www.usenix.org/conference/usenixsecurity09/technical-sessions/presentation/cross-origin-javascript-capability-leaks
2009,Missed from the original list,,OAuth Security Advisory 2009.1: OAuth 1.0 Request Token Session Fixation,https://oauth.net/advisories/2009-1/
2009,Missed from the original list,,"Secure Content Sniffing for Web Browsers, or How to Stop Papers from Reviewing Themselves",https://webblaze.cs.berkeley.edu/contentsniff.html
2009,Missed from the original list,,Cross-Channel Scripting and Reverse Cross-Channel Scripting,https://www.blackhat.com/presentations/bh-usa-09/BOJINOV/BHUSA09-Bojinov-EmbeddedMgmt-PAPER.pdf
2009,Missed from the original list,,Attacks on JavaScript Mashup Communication,https://www.ieee-security.org/TC/W2SP/2009/papers/s1p3.pdf
2009,Missed from the original list,,Code-Injection Attacks in Browsers Supporting Policies (return-to-JavaScript),https://www.ieee-security.org/TC/W2SP/2009/papers/s3p1.pdf
2009,Missed from the original list,,Unraveling Unicode: A Bag of Tricks for Bug Hunting,https://www.blackhat.com/presentations/bh-usa-09/WEBER/BHUSA09-Weber-UnicodeSecurityPreview-SLIDES.pdf
2009,Missed from the original list,,A Wolf in Sheep's Clothing: The Dangers of Persistent Web Browser Storage,https://blackhat.com/presentations/bh-dc-09/Sutton/blackhat-dc-09-Sutton-persistent-storage.pdf
2009,Other nominations,,iPhone SSL Warning and Safari Phishing,http://ha.ckers.org/blog/20090329/iphone-ssl-warning-and-safari-phishing/
2009,Other nominations,,RFC 1918 Blues,http://ha.ckers.org/blog/20090608/rfc1918-blues/
2009,Other nominations,,CSRF And Ignoring Basic/Digest Auth,http://ha.ckers.org/blog/20090630/csrf-and-ignoring-basicdigest-auth/
2009,Other nominations,,Hash Information Disclosure Via Collisions - The Hard Way,http://ha.ckers.org/blog/20090713/hash-information-disclosure-via-collisions-the-hard-way/
2009,Other nominations,,Socket Capable Browser Plugins Result In Transparent Proxy Abuse,http://www.thesecuritypractice.com/the_security_practice/2009/03/socket-capable-browser-plugins-result-in-transparent-proxy-abuse.html
2009,Other nominations,,"XMLHTTPReqest ""Ping"" Sweeping in Firefox 3.5+",http://ha.ckers.org/blog/20090720/xmlhttpreqest-ping-sweeping-in-firefox-35/
2009,Other nominations,,Session Fixation Via DNS Rebinding,http://ha.ckers.org/blog/20091116/session-fixation-via-dns-rebinding/
2009,Other nominations,,Quicky Firefox DoS,http://ha.ckers.org/blog/20090727/quicky-firefox-dos/
2009,Other nominations,,DNS Rebinding for Credential Brute Force,http://ha.ckers.org/blog/20091117/dns-rebinding-for-credential-brute-force/
2009,Other nominations,,SMBEnum,http://ha.ckers.org/blog/20090809/smbenum/
2009,Other nominations,,DNS Rebinding for Scraping and Spamming,http://ha.ckers.org/blog/20091118/dns-rebinding-for-scraping-and-spamming/
2009,Other nominations,,SMB Decloaking,http://ha.ckers.org/blog/20090811/smb-decloaking/
2009,Other nominations,,De-cloaking in IE7.0 Via Windows Variables,http://ha.ckers.org/blog/20090810/de-cloaking-in-ie70-via-windows-variables/
2009,Other nominations,,itms Decloaking,http://ha.ckers.org/blog/20090819/itms-decloaking/
2009,Other nominations,,Flash Origin Policy Issues,http://foregroundsecurity.com/MyBlog/flash-origin-policy-issues.html
2009,Other nominations,,Cross-subdomain Cookie Attacks,http://skeptikal.org/2009/11/cross-subdomain-cookie-attacks.html
2009,Other nominations,,How to use Google Analytics to DoS a client from some website.,https://sirdarckcat.blogspot.com/2009/04/how-to-use-google-analytics-to-dos.html
2009,Other nominations,,Location based XSS attacks,http://www.thespanner.co.uk/2008/12/01/location-based-xss-attacks/
2009,Other nominations,,PHPIDS bypass,http://www.thespanner.co.uk/2009/01/04/phpids-bypass/
2009,Other nominations,,I know what your friends did last summer,http://www.thespanner.co.uk/2009/01/07/i-know-what-your-friends-did-last-summer/
2009,Other nominations,,Detecting IE in 12 bytes,http://www.thespanner.co.uk/2009/01/28/detecting-ie-in-12-bytes/
2009,Other nominations,,Detecting browsers javascript hacks,http://www.thespanner.co.uk/2009/01/29/detecting-browsers-javascript-hacks/
2009,Other nominations,,Inline UTF-7 E4X javascript hijacking,http://www.thespanner.co.uk/2009/02/24/inline-utf-7-e4x-javascript-hijacking/
2009,Other nominations,,HTML5 XSS,http://www.thespanner.co.uk/2009/03/20/html5-xss/
2009,Other nominations,,Opera XSS vectors,http://www.thespanner.co.uk/2009/05/08/opera-xss-vectors/
2009,Other nominations,,New PHPIDS vector,http://www.thespanner.co.uk/2009/06/01/new-phpids-vector/
2009,Other nominations,,"Bypassing CSP for fun, no profit",http://www.thespanner.co.uk/2009/11/23/bypassing-csp-for-fun-no-profit/
2009,Other nominations,,Twitter misidentifying context,http://www.thespanner.co.uk/2009/11/23/twitter-misidentifying-context/
2009,Other nominations,,Ping pong obfuscation,http://www.thespanner.co.uk/2009/11/23/ping-pong-obfuscation/
2009,Other nominations,,HTML5 new XSS vectors,http://www.thespanner.co.uk/2009/12/06/html5-new-xss-vectors/
2009,Other nominations,,About CSS Attacks,https://sirdarckcat.blogspot.com/2008/10/about-css-attacks.html
2009,Other nominations,,Web pages Detecting Virtualized Browsers and other tricks,https://jeremiahgrossman.blogspot.com/2009/08/web-pages-detecting-virtualized.html
2009,Other nominations,,"Results, Unicode Left/Right Pointing Double Angel Quotation Mark",https://jeremiahgrossman.blogspot.com/2009/06/results-unicode-leftright-pointing.html
2009,Other nominations,,Detecting Private Browsing Mode,https://jeremiahgrossman.blogspot.com/2009/03/detecting-private-browsing-mode.html
2009,Other nominations,,Bonus Safari XXE (only affecting Safari 4 Beta),https://scarybeastsecurity.blogspot.com/2009/06/bonus-safari-xxe-only-affecting-safari.html
2009,Other nominations,,Apple's Safari 4 also fixes cross-domain XML theft,https://scarybeastsecurity.blogspot.com/2009/06/apples-safari-4-also-fixes-cross-domain.html
2009,Other nominations,,Apple's Safari 4 fixes local file theft attack,https://scarybeastsecurity.blogspot.com/2009/06/apples-safari-4-fixes-local-file-theft.html
2009,Other nominations,,A more plausible E4X attack,https://scarybeastsecurity.blogspot.com/2009/05/more-plausible-e4x-attack.html
2009,Other nominations,,A brief description of how to become a CA,https://schmoil.blogspot.com/2009/01/brief-description-of-how-to-become-ca.html
2009,Other nominations,,Browser scheme/slash quirks,http://i8jesus.com/?p=37
2009,Other nominations,,Cross-protocol XSS with non-standard service ports,http://i8jesus.com/?p=75
2009,Other nominations,,"Forget sidejacking, clickjacking, and carjacking: enter ""Formjacking""",http://i8jesus.com/?p=48
2009,Other nominations,,Attack - PDF Silent HTTP Form Repurposing Attacks,http://www.secniche.org/papers/SNS_09_03_PDF_Silent_Form_Re_Purp_Attack.pdf
2009,Other nominations,,XSS Relocation Attacks through Word Hyperlinking,http://www.secniche.org/papers/SNS_09_01_Evad_Xss_Filter_Msword.pdf
2009,Other nominations,,Hacking CSRF Tokens using CSS History Hack,http://securethoughts.com/2009/07/hacking-csrf-tokens-using-css-history-hack/
2009,Other nominations,,Hijacking Opera's Native Page using malicious RSS payloads,http://securethoughts.com/2009/10/hijacking-operas-native-page-using-malicious-rss-payloads/
2009,Other nominations,,Millions of PDF invisibly embedded with your internal disk paths,http://securethoughts.com/2009/11/millions-of-pdf-invisibly-embedded-with-your-internal-disk-paths/
2009,Other nominations,,Exploiting IE8 UTF-7 XSS Vulnerability using Local Redirection,http://securethoughts.com/2009/05/exploiting-ie8-utf-7-xss-vulnerability-using-local-redirection/
2009,Other nominations,,Pwning Opera Unite with Inferno's Eleven,http://securethoughts.com/2009/08/pwning-opera-unite-with-infernos-eleven/
2009,Other nominations,,Using Blended Browser Threats involving Chrome to steal files on your computer,http://securethoughts.com/2009/11/using-blended-browser-threats-involving-chrome-to-steal-files-on-your-computer/
2009,Other nominations,,Bypassing OWASP ESAPI XSS Protection inside Javascript,http://securethoughts.com/2009/08/bypassing-owasp-esapi-xss-protection-inside-javascript/
2009,Other nominations,,Hijacking Safari 4 Top Sites with Phish Bombs,http://securethoughts.com/2009/08/hijacking-safari-4-top-sites-with-phish-bombs/
2009,Other nominations,,Yahoo Babelfish - Possible Frame Injection Attack - Design Stringency,https://zeroknock.blogspot.com/2009/12/yahoo-babelfish-possible-inline-iframe.html
2009,Other nominations,,Gmail - Google Docs Cookie Hijacking through PDF Repurposing,http://secniche.org/gmd_hijack/gc_hijack.xhtml
2009,Other nominations,,IE8 Link Spoofing - Broken Status Bar Integrity,http://secniche.org/ie_spoof_myth/
2009,Other nominations,,Blind SQL Injection: Inference thourgh Underflow exception,https://dbellucci.blogspot.com/2009/12/blind-sql-injection-inference-through.html
2009,Other nominations,,Clickjacking & OAuth,http://stephensclafani.com/2009/05/04/clickjacking-oauth/
2009,Other nominations,,Google Translate - Google User Content - File Uploading Cross - XSS and Design Stringency - A Talk,https://zeroknock.blogspot.com/2009/12/google-translate-google-user-content.html
2009,Other nominations,,Active Man in the Middle Attacks,http://blog.watchfire.com/wfblog/2009/02/active-man-in-the-middle-attacks.html
2009,Other nominations,,Cross-Site Identification (XSid),http://blog.quaji.com/2009/12/out-of-context-information-disclosure.html
2009,Other nominations,,MSWord Scripting Object XSS Payload Execution Bug and Random CLSID Stringency,https://zeroknock.blogspot.com/2009/12/google-chrome-webkit-msword-scripting.html
2009,Other nominations,,Generic cross-browser cross-domain theft,https://scarybeastsecurity.blogspot.com/2009/12/generic-cross-browser-cross-domain.html
2009,Other nominations,,Popup & Focus URL Hijacking,http://ha.ckers.org/blog/20091228/popup-focus-url-hijacking/
2009,Other nominations,,Advanced SQL injection to operating system full control,https://www.blackhat.com/presentations/bh-europe-09/Guimaraes/Blackhat-europe-09-Damele-SQLInjection-slides.pdf
2009,Other nominations,,Expanding the control over the operating system from the database,http://www.slideshare.net/inquis/expanding-the-control-over-the-operating-system-from-the-database
2009,Other nominations,,HTML+TIME XSS attacks,https://pastebin.com/f7ac1cced
2009,Other nominations,,Enumerating logins via Abuse of Functionality vulnerabilities,http://websecurity.com.ua/2840/
2009,Other nominations,,Hellfire for redirectors,http://websecurity.com.ua/2854/
2009,Other nominations,,DoS attacks via Abuse of Functionality vulnerabilities,http://websecurity.com.ua/2981/
2009,Other nominations,,URL Spoofing vulnerability in bots of search engines,http://www.webappsec.org/lists/websecurity/archive/2009-04/msg00047.html
2009,Other nominations,,URL Hiding - new method of URL Spoofing attacks,http://websecurity.com.ua/3383/
2009,Other nominations,,Exploiting Facebook Application XSS Holes to Make API Requests,http://theharmonyguy.com/2009/10/09/the-month-of-facebook-bugs-report/
2009,Other nominations,,Unauthorized TinyURL URL Enumeration Vulnerability,http://securethoughts.com/2009/02/unauthorized-tinyurl-url-enumeration-vulnerability/
2009,Top 10,#1,Creating a rogue CA certificate,http://www.phreedom.org/research/rogue-ca/
2009,Top 10,#2,HTTP Parameter Pollution (HPP),http://blog.mindedsecurity.com/2009/05/http-parameter-pollution-new-web-attack.html
2009,Top 10,#3,MD5 extension attack,http://netifera.com/research
2009,Top 10,#4,Cross-domain search timing,https://scarybeastsecurity.blogspot.com/2009/12/cross-domain-search-timing.html
2009,Top 10,#5,Slowloris HTTP DoS,http://ha.ckers.org/blog/20090617/slowloris-http-dos/
2009,Top 10,#6,Microsoft IIS with Metasploit evil.asp;.jpg,http://blogs.technet.com/msrc/archive/2009/12/27/new-reports-of-a-vulnerability-in-iis.aspx
2009,Top 10,#7,Exploiting Unexploitable XSS,http://stephensclafani.com/2009/05/26/exploiting-unexploitable-xss/
2009,Top 10,#8,Our Favorite XSS Filters and how to Attack them,https://sirdarckcat.blogspot.com/2009/08/our-favorite-xss-filters-and-how-to.html
2009,Top 10,#9,RFC1918 Caching Security Issues,http://www.sectheory.com/rfc1918-security-issues.htm
2009,Top 10,#10,Persistent Cookies and DNS Rebinding Redux,http://ha.ckers.org/blog/20090120/persistent-cookies-and-dns-rebinding-redux/
2010,Missed from the original list,,How Unique Is Your Web Browser?,https://coveryourtracks.eff.org/static/browser-uniqueness.pdf
2010,Missed from the original list,,A Symbolic Execution Framework for JavaScript,https://webblaze.cs.berkeley.edu/papers/kudzu.pdf
2010,Missed from the original list,,A Practical Attack to De-Anonymize Social Network Users,https://iseclab.org/publications/wondracek2010a_practical/
2010,Missed from the original list,,FLAX: Systematic Discovery of Client-side Validation Vulnerabilities in Rich Web Applications,https://www.ndss-symposium.org/ndss2010/flax-systematic-discovery-client-side-validation-vulnerabilities-rich-web-applications/
2010,Missed from the original list,,Protecting Browsers from Extension Vulnerabilities,https://www.ndss-symposium.org/ndss2010/protecting-browsers-extension-vulnerabilities/
2010,Missed from the original list,,Regular Expressions Considered Harmful in Client-Side XSS Filters,https://www.adambarth.com/papers/2010/bates-barth-jackson.pdf
2010,Missed from the original list,,Busting Frame Busting: a Study of Clickjacking Vulnerabilities on Popular Sites,https://seclab.stanford.edu/websec/framebusting/framebust.pdf
2010,Missed from the original list,,Fear the EAR: Execution After Redirect,https://bryceboe.com/2010/12/09/ucsbs-international-capture-the-flag-competition-2010-challenge-6-fear-the-ear/
2010,Missed from the original list,,NoTamper: Automatic Blackbox Detection of Parameter Tampering Opportunities in Web Applications,https://www.cs.uic.edu/~venkat/research/papers/NoTamper-ccs2010.pdf
2010,Missed from the original list,,On the Incoherencies in Web Browser Access Control Policies,https://www.microsoft.com/en-us/research/publication/incoherencies-web-browser-access-control-policies/
2010,Missed from the original list,,Protecting Browsers from Cross-Origin CSS Attacks,https://www.linshunghuang.com/papers/css.pdf
2010,Missed from the original list,,An Analysis of Private Browsing Modes in Modern Browsers,https://www.usenix.org/conference/usenixsecurity10/analysis-private-browsing-modes-modern-browsers
2010,Missed from the original list,,Residue Objects: A Challenge to Web Browser Security,https://www.microsoft.com/en-us/research/publication/residue-objects-a-challenge-to-web-browser-security/
2010,Missed from the original list,,Preventing Capability Leaks in Secure JavaScript Subsets,https://webblaze.cs.berkeley.edu/blancura.html
2010,Missed from the original list,,An Empirical Study of Privacy-Violating Information Flows in JavaScript Web Applications,https://www.cs.cornell.edu/~lerner/papers/ccs10-jsc.pdf
2010,Missed from the original list,,State of the Art: Automated Black-Box Web Application Vulnerability Testing,https://web.stanford.edu/~jcm/papers/pci_oakland10.pdf
2010,Missed from the original list,,The Emperor's New APIs: On the (In)Secure Usage of New Client-side Primitives,https://www.comp.nus.edu.sg/~prateeks/papers/w2sp10-primitives.pdf
2010,Missed from the original list,,Sidebuster: Automated Detection and Quantification of Side-Channel Leaks in Web Application Development,https://www.microsoft.com/en-us/research/publication/sidebuster-automated-detection-and-quantification-of-side-channel-leaks-in-web-application-development/
2010,Missed from the original list,,DNS Prefetching and Its Privacy Implications: When Good Things Go Bad,https://www.usenix.org/conference/leet-10/dns-prefetching-and-its-privacy-implications-when-good-things-go-bad
2010,Other nominations,,Cookie Eviction,https://jeremiahgrossman.blogspot.com/2010/07/patching-auto-complete-vulnerabilities.html
2010,Other nominations,,Converting unimplementable Cookie-based XSS to a persistent attack,https://jeremiahgrossman.blogspot.com/2010/02/converting-unimplementable-cookie-based.html
2010,Other nominations,,phpwn: Attack on PHP sessions and random numbers,http://samy.pl/phpwn/
2010,Other nominations,,NAT Pinning: Penetrating routers and firewalls from a web page (forcing router to port forward),http://samy.pl/natpin/
2010,Other nominations,,Mapping a web browser to GPS coordinates via router XSS + Google Location Services without prompting the user,http://samy.pl/mapxss/
2010,Other nominations,,XSHM Mark 2,http://ha.ckers.org/blog/20100901/xshm-mark-2/
2010,Other nominations,,MitM DNS Rebinding SSL/TLS Wildcards and XSS,http://ha.ckers.org/blog/20100822/mitm-dns-rebinding-ssltls-wildcards-and-xss/
2010,Other nominations,,Using Cookies For Selective DoS and State Detection,http://ha.ckers.org/blog/20100822/using-cookies-for-selective-dos-and-state-detection/
2010,Other nominations,,Quick Proxy Detection,http://ha.ckers.org/blog/20100820/quick-proxy-detection/
2010,Other nominations,,Flash Camera and Mic Remember Function and XSS,http://ha.ckers.org/blog/20100718/flash-camera-and-mic-remember-funtion-and-xss/
2010,Other nominations,,Improving HTTPS Side Channel Attacks,http://ha.ckers.org/blog/20100622/improving-https-side-channel-attacks/
2010,Other nominations,,Side Channel Attacks in SSL,http://ha.ckers.org/blog/20100621/side-channel-attacks-in-ssl/
2010,Other nominations,,Turning XSS into Clickjacking,http://ha.ckers.org/blog/20100614/turning-xss-into-clickjacking/
2010,Other nominations,,Popup & Focus URL Hijacking,http://ha.ckers.org/blog/20091228/popup-focus-url-hijacking/
2010,Other nominations,,Hacking Facebook with HTML5,http://m-austin.com/blog/?p=19
2010,Other nominations,,Stealing entire Auto-Complete data in Google Chrome,http://blog.andlabs.org/2010/08/stealing-entire-auto-complete-data-in.html
2010,Other nominations,,Chrome and Safari users open to stealth HTML5 AppCache attack,http://blog.andlabs.org/2010/06/chrome-and-safari-users-open-to-stealth.html
2010,Other nominations,,DNS Rebinding on Java Applets,http://blog.mindedsecurity.com/2010/10/dns-rebinding-on-java-applets.html
2010,Other nominations,,Strokejacking,http://seclists.org/fulldisclosure/2010/Mar/232
2010,Other nominations,,The curse of inverse strokejacking,https://lcamtuf.blogspot.com/2010/06/curse-of-inverse-strokejacking.html
2010,Other nominations,,Re-visiting JAVA De-serialization: It can't get any simpler than this !!,http://blog.andlabs.org/2010/09/re-visiting-java-de-serialization-it.html
2010,Other nominations,,Fooling B64_Encode(Payload) on WAFs and filters,http://blog.mindedsecurity.com/2010/04/fooling-b64encodepayload-on-wafs-and.html
2010,Other nominations,,MySQL Stacked Queries with SQL Injection...sort of,http://blog.mindedsecurity.com/2010/04/mysql-stacked-queries-with-sql.html
2010,Other nominations,,"A Twitter DomXss, a wrong fix and something more",http://blog.mindedsecurity.com/2010/09/twitter-domxss-wrong-fix-and-something.html
2010,Other nominations,,Get Internal Network Information with Java Applets,http://blog.mindedsecurity.com/2010/10/get-internal-network-information-with.html
2010,Other nominations,,Java Applet Same IP Host Access,http://blog.mindedsecurity.com/2010/10/java-applet-same-ip-host-access.html
2010,Other nominations,,ASP.NET 'Padding Oracle' Crypto Attack,https://threatpost.com/en_us/blogs/padding-oracle-crypto-attack-affects-millions-aspnet-apps-091310
2010,Other nominations,,Posting raw XML cross-domain,https://scarybeastsecurity.blogspot.com/2010/01/posting-raw-xml-cross-domain.html
2010,Other nominations,,Generic cross-browser cross-domain theft,https://scarybeastsecurity.blogspot.com/2009/12/generic-cross-browser-cross-domain.html
2010,Other nominations,,One vector to rule them all,http://www.thespanner.co.uk/2010/09/15/one-vector-to-rule-them-all/
2010,Other nominations,,Penetrating Intranets through Adobe Flex Applications,http://www.gdssecurity.com/l/b/2010/03/17/penetrating-intranets-through-adobe-flex-applications/
2010,Other nominations,,No Alnum JavaScript,https://web.archive.org/web/20101009193511/http://extraexploit.blogspot.com/2010/10/dollars-javascript-code-yet-another.html
2010,Other nominations,,Tapjacking: owning smartphone browsers,https://www.youtube.com/watch?v=8GC7lqjJU6s
2010,Other nominations,,Breaking into a WPA network with a webpage,https://www.youtube.com/watch?v=-feE0twnCsw
2010,Other nominations,,XSS-Track: How to quietly track a whole website through single XSS,http://blog.kotowicz.net/2010/11/xss-track-how-to-quietly-track-whole.html
2010,Other nominations,,Next Generation Clickjacking,https://www.cs.cornell.edu/~shmat/courses/library/nextgenclickjack.pdf
2010,Other nominations,,XSSing client-side dynamic HTML includes by hiding HTML inside images and more,http://blog.andlabs.org/2010/08/xssing-client-side-dynamic-html.html
2010,Other nominations,,Stroke triggered XSS and StrokeJacking,http://blog.andlabs.org/2010/04/stroke-triggered-xss-and-strokejacking_06.html
2010,Other nominations,,Internal Port Scanning via Crystal Reports,https://spl0it.wordpress.com/2010/12/02/internal-port-scanning-via-crystal-reports/
2010,Other nominations,,Lost in Translation (ASP's HomoXSSuality),https://hackademix.net/2010/08/17/lost-in-translation-asps-homoxssuality/
2010,Other nominations,,Cross Site URL Hijacking by using Error Object in Mozilla Firefox,https://soroush.me/blog/cross-site-url-hijacking-by-using-error-object-in-mozilla-firefox
2010,Other nominations,,"IIS5.1 Directory Authentication Bypass by using "":$I30:$Index_Allocation""",https://soroush.me/blog/iis5-1-directory-authentication-bypass-by-using-i30index-allocation
2010,Other nominations,,IIS6/ASP & file upload for fun and profit,http://blog.48bits.com/2010/09/28/iis6-asp-file-upload-for-fun-and-profit/
2010,Other nominations,,Google Chrome HTTP AUTH Dialog Spoofing through Realm Manipulation,https://zeroknock.blogspot.com/2010/08/google-chrome-http-auth-dialog-through.html
2010,Other nominations,,"NoScript Bypass - ""Reflective XSS"" through Union SQL Poisoning Trick",https://groups.google.com/g/null-co-in/c/l4-fm9IHtJI
2010,Other nominations,,Persistent Cross Interface Attacks,https://secniche.blogspot.com/2010/11/malware-paradox-cia-aavar-2010.html
2010,Other nominations,,Port Scanning with HTML5 and JS-Recon,http://blog.andlabs.org/2010/12/port-scanning-with-html5-and-js-recon.html
2010,Other nominations,,Performing DDoS attacks with HTML5 Cross Origin Requests & WebWorkers,http://blog.andlabs.org/2010/12/performing-ddos-attacks-with-html5.html
2010,Other nominations,,Cracking hashes in the JavaScript cloud with Ravan,http://blog.andlabs.org/2010/12/cracking-hashes-in-javascript-cloud.html
2010,Other nominations,,Will it Blend?,http://xs-sniper.com/blog/2010/12/17/will-it-blend/
2010,Other nominations,,Stored XSS Vulnerability @ Amazon,http://drwetter.eu/amazon/
2010,Other nominations,,Poisoning proxy caches using Java/Flash/Web Sockets,http://www.adambarth.com/experimental/websocket.pdf
2010,Other nominations,,How to Conceal XSS Injection in HTML5,https://web.archive.org/web/20101224204903/http://samuli.hakoniemi.net/how-to-conceal-xss-injection-in-html5/
2010,Other nominations,,Expanding the Attack Surface,http://xs-sniper.com/blog/2010/12/22/expanding-the-attack-surface/
2010,Other nominations,,Chronofeit Phishing,https://skeletonscribe.blogspot.com/2010/12/chronofeit-phishing.html
2010,Other nominations,,Non-Obvious (Crypto) Bugs by Example,https://web.archive.org/web/20110102233032/http://gregorkopf.de/slides_berlinsides_2010.pdf
2010,Other nominations,,SQLi filter evasion cheat sheet (MySQL),https://websec.wordpress.com/2010/12/04/sqli-filter-evasion-cheat-sheet-mysql/
2010,Other nominations,,Tabnabbing: A New Type of Phishing Attack,http://www.azarask.in/blog/post/a-new-type-of-phishing-attack/
2010,Other nominations,,UI Redressing: Attacks and Countermeasures Revisited,http://ui-redressing.mniemietz.de/
2010,Top 10,,padding oracle web attack,https://www.usenix.org/events/woot10/tech/full_papers/Rizzo.pdf
2010,Top 10,#2,Evercookie,http://samy.pl/evercookie/
2010,Top 10,,Hacking Auto-Complete ,https://jeremiahgrossman.blogspot.com/2010/08/breaking-browsers-hacking-auto-complete.html
2010,Top 10,,Attacking HTTPS with Cache Injection,https://www.youtube.com/watch?v=bt0Qh9c59_c
2010,Top 10,#5,Bypassing CSRF protections with ClickJacking and HTTP Parameter Pollution,http://blog.andlabs.org/2010/03/bypassing-csrf-protections-with.html
2010,Top 10,,Universal XSS in IE8,http://p42.us/ie8xss/
2010,Top 10,#7,HTTP POST DoS,http://www.darkreading.com/vulnerability-management/167901026/security/attacks-breaches/228000532/index.html
2010,Top 10,#8,JavaSnoop,https://www.aspectsecurity.com/tools/javasnoop/
2010,Top 10,#9,CSS History Hack In Firefox Without JavaScript for Intranet Portscanning,http://ha.ckers.org/blog/20100125/css-history-hack-in-firefox-without-javascript-for-intranet-portscanning/
2010,Top 10,#10,Java DSN Rebinding + Java Same IP Policy = The Internet Mayhem,http://blog.mindedsecurity.com/2010/10/java-dsn-rebinding-java-same-ip-policy.html
2011,Missed from the original list,,How to Shop for Free Online: Security Analysis of Cashier-as-a-Service Based Web Stores,https://www.ieee-security.org/TC/SP2011/PAPERS/2011/paper029.pdf
2011,Missed from the original list,,Server-Side JavaScript Injection: Attacking NoSQL and Node.js,https://media.blackhat.com/bh-us-11/Sullivan/BH_US_11_Sullivan_Server_Side_WP.pdf
2011,Missed from the original list,,“You Might Also Like:” Privacy Risks of Collaborative Filtering,https://www.ieee-security.org/TC/SP2011/PAPERS/2011/paper015.pdf
2011,Missed from the original list,,Fast and Precise Sanitizer Analysis with BEK,https://www.usenix.org/conference/usenix-security-11/presentation/fast-and-precise-sanitizer-analysis-bek
2011,Missed from the original list,,All Your Clouds Are Belong to Us: Security Analysis of Cloud Management Interfaces,https://www.nds.rub.de/media/nds/veroeffentlichungen/2011/10/22/AmazonSignatureWrapping.pdf
2011,Missed from the original list,,Static Detection of Access Control Vulnerabilities in Web Applications,https://www.usenix.org/conference/usenix-security-11/static-detection-access-control-vulnerabilities-web-applications
2011,Missed from the original list,,Bit-squatting: DNS Hijacking Without Exploitation,https://dinaburg.org/data/DC19_Dinaburg_Presentation.pdf
2011,Missed from the original list,,How to Break XML Encryption,https://www.nds.rub.de/media/nds/veroeffentlichungen/2011/10/22/HowToBreakXMLenc.pdf
2011,Missed from the original list,,Dark Clouds on the Horizon: Using Cloud Storage as Attack Vector and Online Slack Space,https://www.usenix.org/conference/usenix-security-11/presentation/dark-clouds-horizon-using-cloud-storage-attack-vector-and
2011,Missed from the original list,,WAPTEC: Whitebox Analysis of Web Applications for Parameter Tampering Exploit Construction,https://www.cs.uic.edu/~hinrichs/papers/bisht2011waptec.pdf
2011,Missed from the original list,,Automated Discovery of Parameter Pollution Vulnerabilities in Web Applications,https://www.ndss-symposium.org/ndss2011/automated-discovery-of-parameter-pollution-vulnerabilities-in-web-applications/
2011,Missed from the original list,,Sour Pickles: Shellcoding in Python's Serialisation Format,https://media.blackhat.com/bh-us-11/Slaviero/BH_US_11_Slaviero_Sour_Pickles_WP.pdf
2011,Missed from the original list,,BLOCK: A Black-Box Approach for Detection of State Violation Attacks Towards Web Applications,https://ptolemy.berkeley.edu/projects/truststc/pubs/883.html
2011,Missed from the original list,,I Still Know What You Visited Last Summer: Leaking Browsing History via User Interaction and Side Channel Attacks,https://research.owlfolio.org/pubs/2011-i-still-know.pdf
2011,Missed from the original list,,Crouching Tiger Hidden Payload: Security Risks of Scalable Vector Graphics (The Image That Called Me),https://www.nds.ruhr-uni-bochum.de/media/hgi/veroeffentlichungen/2011/10/19/svgSecurity-ccs11.pdf
2011,Missed from the original list,,Automated Black-Box Detection of Side-Channel Vulnerabilities in Web Applications,https://www.cs.virginia.edu/~evans/pubs/ccs2011/
2011,Other nominations,,Bypassing Flash's local-with-filesystem Sandbox,http://xs-sniper.com/blog/2011/01/04/bypassing-flash%E2%80%99s-local-with-filesystem-sandbox/
2011,Other nominations,,Abusing HTTP Status Codes to Expose Private Information,https://grepular.com/Abusing_HTTP_Status_Codes_to_Expose_Private_Information
2011,Other nominations,,SpyTunes: Find out what iTunes music someone else has,http://andrewmcafee.org/2011/02/mcafee-apple-itunes-privacy-hole-violation/
2011,Other nominations,,Close encounters of the third kind (client-side JavaScript vulnerabilities),https://tinyurl.com/5w6koqj
2011,Other nominations,,Tracking users that block cookies with a HTTP redirect,https://elie.im/blog/security/tracking-users-that-block-cookies-with-a-http-redirect/
2011,Other nominations,,The Failure of Noise-Based Non-Continuous Audio Captchas,https://elie.im/publication/the-failure-of-noise-based-non-continuous-audio-captchas
2011,Other nominations,,Kindle Touch (5.0) Jailbreak/Root and SSH,http://yifan.lu/2011/12/10/kindle-touch-5-0-jailbreakroot-and-ssh/
2011,Other nominations,,NULLs in entities in Firefox,http://www.thespanner.co.uk/2011/12/05/nulls-in-entities-in-firefox/
2011,Other nominations,,Timing Attacks on CSS Shaders,http://www.schemehostport.com/2011/12/timing-attacks-on-css-shaders.html
2011,Other nominations,,CSRF with JSON -- leveraging XHR and CORS,https://shreeraj.blogspot.com/2011/11/csrf-with-json-leveraging-xhr-and-cors_28.html
2011,Other nominations,,Double eval() for DOM based XSS,https://shreeraj.blogspot.com/2011/12/double-eval-for-dom-based-xss.html
2011,Other nominations,,Hidden XSS Attacking the Desktop & Mobile Platforms,http://kyleosborn.org/2011/10/09/the-hidden-xss-attacking-the-desktop-mobile-platforms-slides-video/
2011,Other nominations,,Rapid history extraction through non-destructive cache timing (v8),http://lcamtuf.coredump.cx/cachetime/
2011,Other nominations,,Lotus Notes Formula Injection,https://aboulton.blogspot.com/2011/11/new-type-of-vulnerability-lotus-notes.html
2011,Other nominations,,Stripping Referrer for fun and profit,http://blog.kotowicz.net/2011/10/stripping-referrer-for-fun-and-profit.html
2011,Other nominations,,How to upload arbitrary file contents cross-domain,http://blog.kotowicz.net/2011/04/how-to-upload-arbitrary-file-contents.html
2011,Other nominations,,Exploiting the unexploitable XSS with clickjacking,http://blog.kotowicz.net/2011/03/exploiting-unexploitable-xss-with.html
2011,Other nominations,,How to get SQL query contents from SQL injection flaw,http://blog.kotowicz.net/2011/01/how-to-get-sql-query-contents-from-sql.html
2011,Other nominations,,XSS-Track as a HTML5 WebSockets traffic sniffer,http://blog.kotowicz.net/2011/01/xss-track-as-html5-websockets-traffic.html
2011,Other nominations,,Cross domain content extraction with fake captcha,http://blog.kotowicz.net/2011/07/cross-domain-content-extraction-with.html
2011,Other nominations,,Autocomplete..again?!,http://blog.mindedsecurity.com/2011/10/autocompleteagain.html
2011,Other nominations,,JSON-based XSS exploitation,http://blog.watchfire.com/wfblog/2011/10/json-based-xss-exploitation.html
2011,Other nominations,,HOW TO: Spy on the Webcams of Your Website Visitors,https://www.feross.org/webcam-spy/
2011,Other nominations,,Launch any file path from web page,https://vttynotes.blogspot.com/2011/10/cve-2011-3230-launch-any-file-path-from.html
2011,Other nominations,,Crowd-sourcing mischief on Google Maps leads customers astray,https://nakedsecurity.sophos.com/2011/09/07/crowd-sourcing-mischief-on-google-maps-leads-customers-astray/
2011,Other nominations,,XSS in Skype for iOS,https://superevr.com/blog/2011/xss-in-skype-for-ios/
2011,Other nominations,,Cookiejacking,https://archive.conference.hitb.org/hitbsecconf2011ams/materials/D2T2%20-%20Rosario%20Valotta%20-%20Cookie%20Jacking.pdf
2011,Other nominations,,Stealth Cookie Stealing (new XSS technique),http://pauldotcom.com/2011/05/stealth-cookie-stealing-new-xs.html
2011,Other nominations,,SurveyMonkey: IP Spoofing,http://blog.c22.cc/2011/04/22/surveymonkey-ip-spoofing/
2011,Other nominations,,Using Cross-domain images in WebGL and Chrome 13,https://blog.chromium.org/2011/07/using-cross-domain-images-in-webgl-and.html
2011,Other nominations,,Filejacking: How to make a file server from your browser (with HTML5 of course),http://blog.kotowicz.net/2011/04/how-to-make-file-server-from-your.html
2011,Other nominations,,"Exploitation of ""Self-Only"" Cross-Site Scripting in Google Code",https://amolnaik4.blogspot.com/2011/03/exploitation-of-self-only-cross-site.html
2011,Other nominations,,Facebook: Memorializing a User,https://jeremiahgrossman.blogspot.com/2011/03/robert-rsnake-hansen-age-34-has-passed.html
2011,Other nominations,,How To Own Every User On A Social Networking Site,https://blog.whitehatsec.com/how-to-own-every-user-on-a-social-networking-site/
2011,Other nominations,,Text-based CAPTCHA Strengths and Weaknesses,https://elie.im/publication/text-based-captcha-strengths-and-weaknesses
2011,Other nominations,,Session Puzzling,https://code.google.com/p/puzzlemall/downloads/list
2011,Other nominations,,Temporal Session Race Conditions,https://www.youtube.com/watch?v=woWECWwrsSk
2011,Other nominations,,Google Chrome/ChromeOS sandbox side step via owning extensions,https://media.blackhat.com/bh-us-11/Johansen/BH_US_11_JohnasenOsborn_Hacking_Google_WP.pdf
2011,Other nominations,,Excel formula injection in Google Docs,https://dsecrg.blogspot.com/2011/12/excel-formula-injection-in-google-docs.html
2011,Other nominations,,Drag and Drop XSS in Firefox by HTML5 (Cross Domain in frames),https://soroush.me/blog/drag-and-drop-xss-in-firefox-by-html5-cross-domain-in-frames
2011,Other nominations,,HashDOS: Effective Denial of Service attacks against web application platforms,http://events.ccc.de/congress/2011/Fahrplan/events/4680.en.html
2011,Top 10,#1,BEAST,https://vnhacker.blogspot.com/2011/09/beast.html
2011,Top 10,#2,Multiple vulnerabilities in Apache Struts2 and property oriented programming with Java,https://websec.wordpress.com/2012/01/04/multiple-vulnerabilities-in-apache-struts2-and-property-oriented-programming-with-java/
2011,Top 10,#3,DNS poisoning via Port Exhaustion,http://blog.watchfire.com/wfblog/2011/10/dns-poisoning-via-port-exhaustion.html
2011,Top 10,#4,(DOMinator) Finding DOMXSS with dynamic taint propagation,https://code.google.com/p/dominator/
2011,Top 10,,Abusing Flash-Proxies for client-side cross-domain HTTP requests,http://polyboy.net/docs/2011_DIMVA_Flash_crossdomain_proxies.pdf
2011,Top 10,#6,Expression Language Injection,https://repository.root-me.org/Exploitation%20-%20Web/EN%20-%20Expression%20Language%20Injection.pdf
2011,Top 10,#7,Java Applet Same-Origin Policy Bypass via HTTP Redirect,https://nealpoole.com/blog/2011/10/java-applet-same-origin-policy-bypass-via-http-redirect/
2011,Top 10,#8,CAPTCHA Hax With TesserCap,https://gursevkalra.blogspot.com/2011/11/captcha-hax-with-tessercap.html
2011,Top 10,#9,Bypassing Chrome's Anti-XSS filter,http://blog.securitee.org/?p=37
2011,Top 10,#10,CSRF: Flash + 307 redirect = Game Over,http://lists.webappsec.org/pipermail/websecurity_lists.webappsec.org/2011-February/007533.html
2012,Missed from the original list,,Signing Me onto Your Accounts through Facebook and Google,https://www.ieee-security.org/TC/SP2012/papers/4681a365.pdf
2012,Missed from the original list,,Fuzzing with Code Fragments,https://www.usenix.org/conference/usenixsecurity12/technical-sessions/presentation/holler
2012,Missed from the original list,,Pixel Perfect: Fingerprinting Canvas in HTML5,https://hovav.net/ucsd/papers/ms12.html
2012,Missed from the original list,,On Breaking SAML: Be Whoever You Want to Be,https://www.usenix.org/conference/usenixsecurity12/technical-sessions/presentation/somorovsky
2012,Missed from the original list,,Enemy of the State: A State-Aware Black-Box Web Vulnerability Scanner,https://www.usenix.org/conference/usenixsecurity12/technical-sessions/presentation/doupe
2012,Missed from the original list,,The Most Dangerous Code in the World,https://www.cs.utexas.edu/~shmat/shmat_ccs12.pdf
2012,Missed from the original list,,Self-Exfiltration: The Dangers of Browser-Enforced Information Flow Control,https://www.ieee-security.org/TC/W2SP/2012/papers/w2sp12-final11.pdf
2012,Missed from the original list,,Off-Path Attacking the Web,https://www.usenix.org/conference/woot12/workshop-program/presentation/gilad
2012,Missed from the original list,,Detecting and Defending Against Third-Party Tracking on the Web,https://www.usenix.org/conference/nsdi12/technical-sessions/presentation/roesner
2012,Missed from the original list,,You Are What You Include: Large-scale Evaluation of Remote JavaScript Inclusions,https://www.securitee.org/files/jsinclusions_ccs2012.pdf
2012,Missed from the original list,,Scriptless Attacks: Stealing the Pie Without Touching the Sill,https://www.nds.rub.de/media/emma/veroeffentlichungen/2012/08/16/scriptlessAttacks-ccs2012.pdf
2012,Missed from the original list,,The Devil is in the (Implementation) Details: An Empirical Analysis of OAuth SSO Systems,https://css.csail.mit.edu/6.858/2012/readings/oauth-sso.pdf
2012,Missed from the original list,,WAFFle: Fingerprinting Filter Rules of Web Application Firewalls,https://www.usenix.org/conference/woot12/workshop-program/presentation/schmitt
2012,Missed from the original list,,Touching from a Distance: Website Fingerprinting Attacks and Defenses,https://www.freehaven.net/anonbib/cache/ccs2012-fingerprinting.pdf
2012,Missed from the original list,,FlashOver: Automated Discovery of Cross-site Scripting Vulnerabilities in Rich Internet Applications,https://www.securitee.org/files/flashover_asiaccs2012.pdf
2012,Missed from the original list,,Why Eve and Mallory Love Android: An Analysis of Android SSL (In)Security,https://teamusec.de/publications/conf-ccs-fahlhmsbf12/
2012,Missed from the original list,,Host Fingerprinting and Tracking on the Web: Privacy and Security Implications,https://www.ndss-symposium.org/ndss2012/ndss-2012-programme/host-fingerprinting-and-tracking-web-privacy-and-security-implications/
2012,Missed from the original list,,XSS-FP: Browser Fingerprinting using HTML Parser Quirks,https://arxiv.org/abs/1211.4812
2012,Missed from the original list,,Web-based Attacks on Host-Proof Encrypted Storage,https://www.usenix.org/conference/woot12/workshop-program/presentation/bhargavan
2012,Missed from the original list,,Cruel Intentions: Violating Browser Security and Privacy Through Web Intents,https://www.ieee-security.org/TC/W2SP/2012/papers/w2sp12-final10.pdf
2012,Missed from the original list,,Are You My Type? Breaking .NET Through Serialization,https://media.blackhat.com/bh-us-12/Briefings/Forshaw/BH_US_12_Forshaw_Are_You_My_Type_WP.pdf
2012,Other nominations,,CSRF token disclosure via iFRAME and CAPTCHA trickery,https://web.archive.org/web/20130329114320/http://www.computerworld.com/s/article/9234282/Attackers_can_abuse_Yahoo_developer_feature_to_steal_user_emails_other_data
2012,Other nominations,,Parasitic computing using 'Cloud Browsers',https://web.archive.org/web/20170903113359/http://news.ncsu.edu/releases/wms-enck-cloud-browsers/
2012,Other nominations,,Browser Event Hijacking,https://web.archive.org/web/20170903113359/http://labs.neohapsis.com/2012/11/14/browser-event-hijacking/
2012,Other nominations,,How I Hacked StackOverflow,https://web.archive.org/web/20170903113359/http://blog.ircmaxell.com/2012/11/anatomy-of-attack-how-i-hacked.html
2012,Other nominations,,Visitor Tracking Without Cookies (or How To Abuse HTTP 301s),https://web.archive.org/web/20170903113359/http://www.scatmania.org/2012/04/24/visitor-tracking-without-cookies/
2012,Other nominations,,"The ""I Know..."" series. What websites know about you",https://web.archive.org/web/20170903113359/https://www.whitehatsec.com/blog/introducing-the-i-know-series/
2012,Other nominations,,Hyperlink Spoofing and the Modern Web,https://web.archive.org/web/20120526051852/http://blogs.msdn.com/b/dross/archive/2012/04/26/hyperlink-spoofing-and-the-modern-web.aspx
2012,Other nominations,,Using the HTML5 Fullscreen API for Phishing Attacks,https://web.archive.org/web/20170903113359/http://feross.org/html5-fullscreen-api-attack/
2012,Other nominations,,Steam Browser Protocol Insecurity,https://web.archive.org/web/20170903113359/http://revuln.com/files/ReVuln_Steam_Browser_Protocol_Insecurity.pdf
2012,Other nominations,,Content Smuggling,https://web.archive.org/web/20170903113359/http://xs-sniper.com/blog/2012/10/11/content-smuggling/
2012,Other nominations,,Using HTTP headers pollution for mobile networks attacks,https://web.archive.org/web/20170903113359/http://news.softpedia.com/news/Users-of-Mobile-Portals-Exposed-to-HTTP-Header-Pollution-Attacks-Expert-Finds-293540.shtml
2012,Other nominations,,Top-Level Universal XSS,https://web.archive.org/web/20170903113359/https://superevr.com/blog/2012/top-level-universal-xss/
2012,Other nominations,,Exploiting XSS in Ajax Web Applications,https://web.archive.org/web/20170903113359/https://superevr.com/blog/2012/exploiting-xss-in-ajax-web-applications/
2012,Other nominations,,.Net Cross Site Scripting -- Request Validation Bypassing,https://web.archive.org/web/20170903113359/http://www.quotium.com/research/advisories/XSS-NetRequestValidation.php
2012,Other nominations,,Stuffing Javascript into DNS names,https://web.archive.org/web/20170903113359/http://www.skullsecurity.org/blog/2010/stuffing-javascript-into-dns-names
2012,Other nominations,,Clickjacking Rootkits for Android,https://web.archive.org/web/20170903113359/https://www.youtube.com/watch?v=RxpMPrqnxC0
2012,Other nominations,,How Facebook lacked X-Frame-Options and what I did with it,https://web.archive.org/web/20170903113359/http://blog.kotowicz.net/2012/08/how-facebook-lacked-x-frame-options-and.html
2012,Other nominations,,IE9 Self-XSS Blackbox Protection bypass,https://soroush.me/blog/ie9-self-xss-blackbox-protection-bypass
2012,Other nominations,,File System API with HTML5 -- Juice for XSS,https://web.archive.org/web/20170903113359/http://shreeraj.blogspot.com/2012/08/file-system-api-with-html5-juice-for-xss.html
2012,Other nominations,,How to upload arbitrary file contents cross-domain,https://web.archive.org/web/20170903113359/http://blog.kotowicz.net/2011/04/how-to-upload-arbitrary-file-contents.html
2012,Other nominations,,Bypassing HTTP Basic Authenitcation in PHP Applications,https://web.archive.org/web/20170903113359/http://armoredcode.com/blog/bypassing-basic-authentication-in-php-applications/
2012,Other nominations,,CSS-Only Clickjacking,https://jsfiddle.net/gcollazo/UMyEm/embedded/result/
2012,Other nominations,,X-Frame-Options (XFO) Detection from Javascript,https://web.archive.org/web/20170903113359/https://www.whitehatsec.com/blog/x-frame-options-xfo-detection-from-javascript/
2012,Other nominations,,Fun with data: URLs,https://web.archive.org/web/20170903113359/http://blog.kotowicz.net/2012/04/fun-with-data-urls.html
2012,Other nominations,,Browsers Anti-XSS methods in ASP (classic) have been defeated!,https://soroush.me/blog/browsers-anti-xss-methods-in-asp-classic-have-been-defeated
2012,Other nominations,,"Yes, you can have fun with downloads",https://lcamtuf.blogspot.com/2012/05/yes-you-can-have-fun-with-downloads.html
2012,Other nominations,,"Stiltwalker, exploits weaknesses in the audio version of reCAPTCHA",https://web.archive.org/web/20170903113359/http://www.dc949.org/projects/stiltwalker/
2012,Other nominations,,CSS :visited may be a bit overrated,https://lcamtuf.blogspot.com/2011/12/css-visited-may-be-bit-overrated.html
2012,Other nominations,,"""ASPXErrorPath in URL"" Technique in Scanning a .Net Web Application",https://soroush.me/blog/aspxerrorpath-in-url-technique-in-scanning-a-net-web-application
2012,Other nominations,,Cursorjacking again,https://web.archive.org/web/20170903113359/http://blog.kotowicz.net/2012/01/cursorjacking-again.html
2012,Other nominations,,Jumping out of Touch Screen Kiosks,https://web.archive.org/web/20170903113359/http://seckb.yehg.net/2012/09/jumping-out-of-touch-screen-kiosks.html
2012,Other nominations,,Using POST method to bypass IE-browser protected XSS,https://web.archive.org/web/20170903113359/http://seckb.yehg.net/2012/06/using-post-method-to-bypass-ie-browser.html
2012,Other nominations,,Password extraction from Ajax/DOM/HTML5 routine,https://web.archive.org/web/20170903113359/http://shreeraj.blogspot.com/2012/01/password-extraction-from-ajaxdomhtml5.html
2012,Other nominations,,Random Number Security in Python,https://web.archive.org/web/20170903113359/http://blog.ptsecurity.com/2012/10/random-number-security-in-python.html
2012,Other nominations,,Bypassing Flash's local-with-filesystem Sandbox,https://web.archive.org/web/20170903113359/http://xs-sniper.com/blog/2011/01/04/bypassing-flash%E2%80%99s-local-with-filesystem-sandbox/
2012,Other nominations,,RCE through mangled WAR upload into Tomcat App Manager using PUT-in-Gopher-over-XXE,https://web.archive.org/web/20170903113359/http://www.slideshare.net/andrewpetukhov/no-locked-doors-no-windows-barred-hacking-openam-infrastructure/11
2012,Other nominations,,Using WordPress as a intranet and internet port scanner,https://web.archive.org/web/20170903113359/https://github.com/FireFart/WordpressPingbackPortScanner
2012,Other nominations,,UI Redressing Mayhem: Firefox 0-Day And The LeakedIn Affair,https://web.archive.org/web/20170903113359/http://blog.nibblesec.org/2012/12/ui-redressing-mayhem-firefox-0day-and.html
2012,Other nominations,,UI Redressing Mayhem: HTTPOnly Bypass PayPwn Style,https://web.archive.org/web/20170903113359/http://blog.nibblesec.org/2012/12/ui-redressing-mayhem-httponly-bypass_19.html
2012,Other nominations,,NTLM Relay via HTTP to internet or stealing windows user hashes while using java client,https://web.archive.org/web/20170903113359/http://erpscan.com/press-center/smbrelay-bible-7-ssrf-java-windows-love/
2012,Other nominations,,Bypassing CAPTCHAs by Impersonating CAPTCHA Providers,https://web.archive.org/web/20170903113359/http://gursevkalra.blogspot.com/2012/10/bypassing-captchas-by-impersonating.html
2012,Other nominations,,Attacking CAPTCHAs for Fun and Profit,https://web.archive.org/web/20170903113359/http://www.mcafee.com/us/resources/white-papers/foundstone/wp-attacking-captchas-for-fun-profit.pdf
2012,Other nominations,,Cracking Ruby on Rails Session,https://web.archive.org/web/20170903113359/http://phenoelit.org/blog/archives/2012/12/21/let_me_github_that_for_you/index.html
2012,Other nominations,,Bruteforcing/Abusing search functions with no-rate checks to collect data,https://web.archive.org/web/20170903113359/http://suriya.me/me-and-facebook-a-cautionary-tale/
2012,Other nominations,,Cross Context Scripting from within the Browser,https://web.archive.org/web/20170903113359/http://blog.malerisch.net/2012/12/maxthon-cross-context-scripting-xcs-about-history-rce.html
2012,Other nominations,,Same Origin Spoofing to Attack Client Certificate Sessions,https://web.archive.org/web/20130921173625/https://isecpartners.com/blog/2012/december/an-attack-on-ssl-client-certificates.aspx
2012,Top 10,,CRIME,https://web.archive.org/web/20170903113359/http://threatpost.com/en_us/blogs/new-attack-uses-ssltls-information-leak-hijack-https-sessions-090512
2012,Top 10,,"Pwning via SSRF (memcached, php-fastcgi, etc)",https://web.archive.org/web/20170903113359/http://media.blackhat.com/bh-us-12/Briefings/Polyakov/BH_US_12_Polyakov_SSRF_Business_WP.pdf
2012,Top 10,,Chrome addon hacking,https://web.archive.org/web/20170903113359/http://blog.kotowicz.net/2012/02/intro-to-chrome-addons-hacking.html
2012,Top 10,#4,Bruteforce of PHPSESSID,https://web.archive.org/web/20170903113359/http://blog.ptsecurity.com/2012/08/not-so-random-numbers-take-two.html
2012,Top 10,#5,Blended Threats and JavaScript,https://web.archive.org/web/20170903113359/https://superevr.com/blog/2012/blended-threats-and-javascript/
2012,Top 10,#6,Cross-Site Port Attacks,https://web.archive.org/web/20170903113359/http://www.riyazwalikar.com/2012/11/cross-site-port-attacks-xspa-part-1.html
2012,Top 10,,Permanent backdooring of HTML5 client-side application,https://web.archive.org/web/20170903113359/http://securitymusings.com/article/3159/how-a-platform-using-html5-can-affect-the-security-of-your-website
2012,Top 10,#8,CAPTCHA Re-Riding Attack,https://web.archive.org/web/20170903113359/http://gursevkalra.blogspot.com/2012/03/captcha-re-riding-attack.html
2012,Top 10,#9,XSS: Gaining access to HttpOnly Cookie in 2012,https://web.archive.org/web/20170903113359/http://seckb.yehg.net/2012/06/xss-gaining-access-to-httponly-cookie.html
2012,Top 10,#10,"Attacking OData: HTTP Verb Tunneling, Navigation Properties for Additional Data Access, System Query Options ($select)",https://web.archive.org/web/20170903113359/http://www.mcafee.com/us/resources/white-papers/foundstone/wp-pentesters-guide-to-hacking-odata.pdf
2013,Missed from the original list,,Practical HTTP Host Header Attacks,https://www.skeletonscribe.net/2013/05/practical-http-host-header-attacks.html
2013,Missed from the original list,,One Bad Apple: Backwards Compatibility Attacks on State-of-the-Art Cryptography,https://www.ndss-symposium.org/ndss2013/ndss-2013-programme/one-bad-apple-backwards-compatibility-attacks-state-art-cryptography/
2013,Missed from the original list,,The Postman Always Rings Twice: Attacking and Defending postMessage in HTML5 Websites,https://www.ndss-symposium.org/ndss2013/ndss-2013-programme/postman-always-rings-twice-attacking-and-defending-postmessage-html5-websites/
2013,Missed from the original list,,Unauthorized Origin Crossing on Mobile Platforms: Threats and Mitigation,https://www.microsoft.com/en-us/research/publication/unauthorized-origin-crossing-on-mobile-platforms-threats-and-mitigation/
2013,Missed from the original list,,Explicating SDKs: Uncovering Assumptions Underlying Secure Authentication and Authorization,https://www.cs.virginia.edu/~evans/pubs/usenix2013/
2013,Missed from the original list,,AUTHSCAN: Automatic Extraction of Web Authentication Protocols from Implementations,https://www.ndss-symposium.org/ndss2013/ndss-2013-programme/authscan-automatic-extraction-web-authentication-protocols-implementations/
2013,Missed from the original list,,Automated Password Extraction Attack on Modern Password Managers,https://arxiv.org/abs/1309.1416
2013,Missed from the original list,,Truncating TLS Connections to Violate Beliefs in Web Applications,https://www.usenix.org/conference/woot13/workshop-program/presentation/smyth
2013,Missed from the original list,,DOM Clobbering,https://thespanner.co.uk/2013/05/16/dom-clobbering
2013,Missed from the original list,,When Tolerance Causes Weakness: The Case of Injection-Friendly Browsers,https://archives.iw3c2.org/www2013/proceedings/p435.pdf
2013,Missed from the original list,,Cookieless Monster: Exploring the Ecosystem of Web-Based Device Fingerprinting,https://seclab.cs.ucsb.edu/publications/nikiforakis2013cookieless_monster/
2013,Missed from the original list,,Language-based Defenses Against Untrusted Browser Origins,https://www.usenix.org/conference/usenixsecurity13/technical-sessions/presentation/bhargavan
2013,Missed from the original list,,Take This Personally: Pollution Attacks on Personalized Services,https://www.usenix.org/conference/usenixsecurity13/technical-sessions/paper/xing
2013,Missed from the original list,,Exploiting Innocuous Activity for Correlating Users Across Sites,https://archives.iw3c2.org/www2013/proceedings/p447.pdf
2013,Missed from the original list,,I Know the Shortened URLs You Clicked on Twitter,https://archives.iw3c2.org/www2013/proceedings/p1191.pdf
2013,Missed from the original list,,A View to a Kill: WebView Exploitation,https://www.usenix.org/conference/leet13/workshop-program/presentation/neugschwandtner
2013,Missed from the original list,,Cross-Site Scripting Attacks in Social Network APIs,https://www.ieee-security.org/TC/W2SP/2013/papers/s3p1.pdf
2013,Missed from the original list,,FireDrill: Interactive DNS Rebinding,https://www.usenix.org/conference/woot13/workshop-program/presentation/dai
2013,Missed from the original list,,Analyzing Unique-Bid Auction Sites for Fun and Profit,https://www.ndss-symposium.org/ndss2013/ndss-2013-programme/analyzing-unique-bid-auction-sites-fun-and-profit/
2013,Other nominations,,Top 3 Proxy Issues That No One Ever Told You,http://web.archive.org/web/20160507023636/https://www.whitehatsec.com/blog/top-3-proxy-issues-that-no-one-ever-told-you/
2013,Other nominations,,Gravatar Email Enumeration in JavaScript,https://web.archive.org/web/20130323005639/http://blog.whitehatsec.com/gravatar-email-enumeration-in-javascript/
2013,Other nominations,,Slideshare,http://web.archive.org/web/20160507023636/http://www.slideshare.net/jeremiahgrossman/million-browser-botnet
2013,Other nominations,,Auto-Complete Hack by Hiding Filled in Input Fields with CSS,https://web.archive.org/web/20131024113504/http://yoast.com/autocomplete-security/
2013,Other nominations,,"Site Plagiarizes Blog Posts, Then Files DMCA Takedown on Originals",http://web.archive.org/web/20160507023636/http://arstechnica.com/science/2013/02/site-plagiarizes-blog-posts-then-files-dmca-takedown-on-originals/
2013,Other nominations,,The Case of the Unconventional CSRF Attack in Firefox,http://web.archive.org/web/20160507023636/https://www.whitehatsec.com/blog/the-case-of-an-unconventional-csrf-attack-in-firefox/
2013,Other nominations,,Ruby on Rails Session Termination Design Flaw,http://web.archive.org/web/20160507023636/http://maverickblogging.com/logout-is-broken-by-default-ruby-on-rails-web-applications/
2013,Other nominations,,Aaron Patterson -- Serialized YAML Remote Code Execution,https://groups.google.com/g/rubyonrails-security/c/KtmwSbEpzrU/m/NzjxkM7HLjAJ
2013,Other nominations,,Fireeye -- Arbitrary reading and writing of the JVM process,http://web.archive.org/web/20160507023636/http://threatpost.com/java-zero-day-procession-continues-030113/77575
2013,Other nominations,,Timothy Morgan -- What You Didn't Know About XML External Entity Attacks,http://web.archive.org/web/20160507023636/https://www.youtube.com/watch?v=eHSNT8vWLfc
2013,Other nominations,,James Bennett -- Django DOS,http://web.archive.org/web/20160507023636/http://threatpost.com/patches-for-django-framework-fix-dos-vulnerability/102323
2013,Other nominations,,Phil Purviance -- Don't Use Linksys Routers,http://web.archive.org/web/20160507023636/https://superevr.com/blog/2013/dont-use-linksys-routers/
2013,Other nominations,,Carlos Munoz -- Bypassing Internet Explorer's Anti-XSS Filter,http://web.archive.org/web/20160507023636/https://www.whitehatsec.com/blog/internet-explorer-xss-filter
2013,Other nominations,,Zach Cutlip -- Remote Code Execution in Netgear routers,http://web.archive.org/web/20160507023636/http://threatpost.com/some-netgear-routers-open-to-remote-authentication-bypass-command-injection/102689
2013,Other nominations,,Cody Collier -- Exposing Verizon Wireless SMS History,https://web.archive.org/web/20141220045918/http://www.tripwire.com/state-of-security/latest-security-news/verizon-wirelesss-customer-portal-exposed-text-messages/
2013,Other nominations,,Compromising an unreachable Solr Serve,http://web.archive.org/web/20160507023636/http://www.agarri.fr/blog/
2013,Other nominations,,Finding Weak Rails Security Tokens,http://web.archive.org/web/20160507023636/http://averagesecurityguy.info/2013/11/08/finding-weak-rails-security-tokens/
2013,Other nominations,,Ashar Javad Attack against Facebook's password reset process.,http://web.archive.org/web/20160507023636/http://slid.es/mscasharjaved/trusted-friend-attack
2013,Other nominations,,Father/Daughter Team Finds Valuable Facebook Bug,http://web.archive.org/web/20160507023636/http://threatpost.com/father-daughter-hacking-team-finds-valuable-facebook-bug/102877
2013,Other nominations,,Hacker scans the internet,http://web.archive.org/web/20160507023636/http://arstechnica.com/security/2013/03/guerilla-researcher-created-epic-botnet-to-scan-billions-of-ip-addresses/
2013,Other nominations,,Eradicating DNS Rebinding with the Extended Same-Origin Policy,http://web.archive.org/web/20160507023636/http://ben-stock.de/wp-content/uploads/dns-rebinding.pdf
2013,Other nominations,,Struts 2 OGNL Double Evaluation RCE,http://web.archive.org/web/20160507023636/https://communities.coverity.com/blogs/security/2013/05/29/struts2-remote-code-execution-via-ognl-injection
2013,Top 10,,Mario Heiderich -- Mutation XSS,http://web.archive.org/web/20160507023636/https://www.hackinparis.com/talk-mario-heiderich
2013,Top 10,#2,"Angelo Prado, Neal Harris, Yoel Gluck -- BREACH",http://web.archive.org/web/20160507023636/http://threatpost.com/breach-compression-attack-steals-https-secrets-in-under-30-seconds/101579
2013,Top 10,,Pixel Perfect Timing Attacks with HTML5,http://web.archive.org/web/20160507023636/http://contextis.co.uk/research/white-papers/pixel-perfect-timing-attacks-html5/
2013,Top 10,#4,Lucky 13 Attack,http://web.archive.org/web/20160507023636/http://www.isg.rhul.ac.uk/tls/Lucky13.html
2013,Top 10,#5,Weaknesses in RC4,http://web.archive.org/web/20160507023636/http://www.isg.rhul.ac.uk/tls/
2013,Top 10,#6,Timur Yunusov and Alexey Osipov -- XML Out of Band Data Retrieval,http://web.archive.org/web/20160507023636/https://media.blackhat.com/eu-13/briefings/Osipov/bh-eu-13-XML-data-osipov-slides.pdf
2013,Top 10,,Million Browser Botnet,https://media.blackhat.com/us-13/us-13-Grossman-Million-Browser-Botnet.pdf
2013,Top 10,#8,Large Scale Detection of DOM based XSS,http://web.archive.org/web/20160507023636/http://ben-stock.de/wp-content/uploads/domxss.pdf
2013,Top 10,#9,Tor Hidden-Service Passive De-Cloaking,http://web.archive.org/web/20160507023636/https://www.whitehatsec.com/blog/tor-hidden-service-passive-de-cloaking/
2013,Top 10,#10,HTML5 Hard Disk Filler™ API,http://web.archive.org/web/20160507023636/http://feross.org/fill-disk/
2014,Missed from the original list,,Virtual Host Confusion: Weaknesses and Exploits,https://www.blackhat.com/docs/us-14/materials/us-14-Delignat-The-BEAST-Wins-Again-Why-TLS-Keeps-Failing-To-Protect-HTTP-wp.pdf
2014,Missed from the original list,,Triple Handshakes and Cookie Cutters: Breaking and Fixing Authentication over TLS,https://www.ieee-security.org/TC/SP2014/papers/TripleHandshakesandCookieCutters_c_BreakingandFixingAuthenticationoverTLS.pdf
2014,Missed from the original list,,Using Frankencerts for Automated Adversarial Testing of Certificate Validation in SSL/TLS Implementations,https://www.ieee-security.org/TC/SP2014/papers/UsingFrankencertsforAutomatedAdversarialTestingofCertificateValidationinSSL_s_TLSImplementations.pdf
2014,Missed from the original list,,Relative Path Overwrite,http://www.thespanner.co.uk/2014/03/21/rpo/
2014,Missed from the original list,,Breaking and Fixing Origin-Based Access Control in Hybrid Web/Mobile Application Frameworks,https://www.ndss-symposium.org/ndss2014/ndss-2014-programme/breaking-and-fixing-origin-based-access-control-hybrid-webmobile-application-frameworks/
2014,Missed from the original list,,Static Detection of Second-Order Vulnerabilities in Web Applications,https://www.usenix.org/conference/usenixsecurity14/technical-sessions/presentation/dahse
2014,Missed from the original list,,All Your Screens Are Belong to Us: Attacks Exploiting the HTML5 Screen Sharing API,https://www.ieee-security.org/TC/SP2014/papers/AllYourScreensareBelongtoUs_c_AttacksExploitingtheHTML5ScreenSharingAPI.pdf
2014,Missed from the original list,,Password Managers: Attacks and Defenses,https://www.usenix.org/conference/usenixsecurity14/technical-sessions/presentation/silver
2014,Missed from the original list,,An Expressive Model for the Web Infrastructure: Definition and Application to the BrowserID SSO System,https://www.ieee-security.org/TC/SP2014/papers/AnExpressiveModelfortheWebInfrastructure_c_DefinitionandApplicationtotheBrowserIDSSOSystem.pdf
2014,Missed from the original list,,S3: A Symbolic String Solver for Vulnerability Detection in Web Applications,https://trinhmt.github.io/home/S3/ccs14-trinh.pdf
2014,Missed from the original list,,MACE: Detecting Privilege Escalation Vulnerabilities in Web Applications,https://research.ibm.com/publications/mace-detecting-privilege-escalation-vulnerabilities-in-web-applications
2014,Missed from the original list,,Revisiting SSL/TLS Implementations: New Bleichenbacher Side Channels and Attacks,https://www.usenix.org/conference/usenixsecurity14/technical-sessions/presentation/meyer
2014,Missed from the original list,,A Web Traffic Analysis Attack Using Only Timing Information,https://arxiv.org/abs/1410.2087
2014,Missed from the original list,,Toward Black-Box Detection of Logic Flaws in Web Applications,https://www.ndss-symposium.org/ndss2014/ndss-2014-programme/toward-black-box-detection-logic-flaws-web-applications/
2014,Missed from the original list,,SSOScan: Automated Testing of Web Applications for Single Sign-On Vulnerabilities,https://www.usenix.org/conference/usenixsecurity14/technical-sessions/presentation/zhou
2014,Missed from the original list,,Detecting Logic Vulnerabilities in E-Commerce Applications,https://www.ndss-symposium.org/ndss2014/ndss-2014-programme/detecting-logic-vulnerabilities-e-commerce-applications/
2014,Missed from the original list,,Same Origin Method Execution (SOME),http://www.benhayak.com/2015/06/same-origin-method-execution-some.html
2014,Missed from the original list,,Effective Attacks and Provable Defenses for Website Fingerprinting,https://www.usenix.org/conference/usenixsecurity14/technical-sessions/presentation/wang_tao
2014,Missed from the original list,,The Emperor's New Password Manager: Security Analysis of Web-based Password Managers,https://www.usenix.org/conference/usenixsecurity14/technical-sessions/presentation/li_zhiwei
2014,Missed from the original list,,Bypassing HTTP Strict Transport Security,https://blackhat.com/docs/eu-14/materials/eu-14-Selvi-Bypassing-HTTP-Strict-Transport-Security-wp.pdf
2014,Other nominations,,TweetDeck XSS,https://web.archive.org/web/20160403035045/http://threatpost.com/tweetdeck-taken-down-in-wake-of-xss-attacks
2014,Other nominations,,OpenSSL CVE-2014-0224,https://web.archive.org/web/20160403035045/https://cve.mitre.org/cgi-bin/cvename.cgi?name=CVE-2014-0224
2014,Other nominations,,Unauthenticated Backup and Password Disclosure In HandsomeWeb SOS Webpages cve-2014-3445,https://web.archive.org/web/20160403035045/https://www.portcullis-security.com/security-research-and-downloads/security-advisories/cve-2014-3445/
2014,Other nominations,,CTA: The weaknesses in client side xss filtering targeting Chrome's XSS Auditor,https://web.archive.org/web/20160403035045/https://www.blackhat.com/us-14/briefings.html#call-to-arms-a-tale-of-the-weaknesses-of-current-client-side-xss-filtering
2014,Other nominations,,Advanced Exploitation of Mozilla Firefox Use-After-Free Vulnerability (Pwn2Own 2014) CVE-2014-1512,https://web.archive.org/web/20160403035045/http://www.vupen.com/blog/20140520.Advanced_Exploitation_Firefox_UaF_Pwn2Own_2014.php
2014,Other nominations,,The Web Never Forgets: Persistent Tracking Mechanisms in the Wild,https://web.archive.org/web/20160403035045/https://securehomes.esat.kuleuven.be/~gacar/persistent/the_web_never_forgets.pdf
2014,Other nominations,,Remote File Upload Vulnerability in WordPress MailPoet Plugin (wysija-newsletters),https://web.archive.org/web/20160403035045/http://blog.sucuri.net/2014/07/remote-file-upload-vulnerability-on-mailpoet-wysija-newsletters.html
2014,Other nominations,,The PayPal 2FA Bypass,https://web.archive.org/web/20160403035045/https://www.duosecurity.com/blog/the-paypal-2fa-bypass-how-legacy-infrastructure-impacts-modern-security
2014,Other nominations,,AIR Flash RCE from PWN2OWN,https://web.archive.org/web/20160403035045/http://threatpost.com/adobe-patches-air-pwn2own-vulnerability-in-flash/105359
2014,Other nominations,,PXSS on long length videos to DOS,https://web.archive.org/web/20160403035045/http://threatpost.com/researchers-uncover-interesting-browser-based-botnet/105250
2014,Other nominations,,MSIE Flash 0day targeting french aerospace,https://web.archive.org/web/20140725134411/http://community.websense.com/blogs/securitylabs/archive/2014/02/14/msie-0-day-exploit-cve-2014-0322-possibly-targeting-french-aerospace-organization.aspx
2014,Other nominations,,Linskys E420 Authentication Bypass Disclosure,https://web.archive.org/web/20160403035045/https://phra.gs/blob/2014-06-04-linksys-e4200-auth-bypass.html
2014,Other nominations,,Paypal Manager Account Hijack,https://web.archive.org/web/20140516030049/http://www.securatary.com/Portals/0/Vulnerabilities/PayPal/Paypal%20Manager%20Account%20Hijack.pdf
2014,Other nominations,,Covert Redirect Vulnerability Related to OAuth 2.0 and OpenID,https://web.archive.org/web/20160403035045/http://tetraph.com/covert_redirect/oauth2_openid_covert_redirect.html
2014,Other nominations,,How I hacked Instagram to see your private photos,https://web.archive.org/web/20160403035045/http://insertco.in/2014/02/10/how-i-hacked-instagram/
2014,Other nominations,,How I hacked GitHub again,https://web.archive.org/web/20160403035045/http://homakov.blogspot.com/2014/02/how-i-hacked-github-again.html?m=1
2014,Other nominations,,Recursive DNS Resolver (DOS),https://web.archive.org/web/20160403035045/http://www.kb.cert.org/vuls/id/264212
2014,Other nominations,,Belkin Buffer Overflow via Web,https://web.archive.org/web/20160403035045/https://labs.integrity.pt/articles/from-0-day-to-exploit-buffer-overflow-in-belkin-n750-cve-2014-1635/
2014,Other nominations,,Google User De-Anonymization,https://web.archive.org/web/20160403035045/http://threatpost.com/new-timing-attack-could-de-anonymize-google-users/108141
2014,Other nominations,,Soaksoak WordPress Malware,https://web.archive.org/web/20160403035045/http://blog.sucuri.net/2014/12/soaksoak-malware-compromises-100000-wordpress-websites.html
2014,Other nominations,,Same Origin Bypass in Adobe Reader CVE-2014-8453,https://web.archive.org/web/20160403035045/http://insert-script.blogspot.com/2014/12/multiple-pdf-vulnerabilites-text-and.html
2014,Other nominations,,RevSlider,https://web.archive.org/web/20160403035045/http://blog.sucuri.net/2014/09/slider-revolution-plugin-critical-vulnerability-being-exploited.html
2014,Other nominations,,HikaShop Object Injection,https://web.archive.org/web/20160403035045/http://blog.sucuri.net/2014/11/deep-dive-into-the-hikashop-vulnerability.html
2014,Other nominations,,NODE.JS CONNECT CSRF BYPASS ABUSING METHODOVERRIDE MIDDLEWARE,https://web.archive.org/web/20160403035045/http://blog.nibblesec.org/2014/05/nodejs-connect-csrf-bypass-abusing.html
2014,Other nominations,,Bypassing NoCAPTHCA,https://web.archive.org/web/20160403035045/http://homakov.blogspot.com/2014/12/the-no-captcha-problem.html
2014,Other nominations,,Delta Boarding Pass Spoofing,https://web.archive.org/web/20160403035045/https://medium.com/@da/need-a-last-minute-flight-45af88ec8df3
2014,Other nominations,,Cryptophp Backdoor,https://web.archive.org/web/20160403035045/http://thehackernews.com/2014/11/cryptophp-backdoored-cms-plugins-themes.html
2014,Other nominations,,Microsoft SChannel Vulnerability,https://web.archive.org/web/20160403035045/https://www.us-cert.gov/ncas/alerts/TA14-318A
2014,Other nominations,,Drupal 7 Core SQLi,https://web.archive.org/web/20160403035045/https://www.drupal.org/SA-CORE-2014-005
2014,Other nominations,,Reflected File Download,https://www.levelblue.com/blogs/spiderlabs-blog/reflected-file-download-a-new-web-attack-vector
2014,Other nominations,,Misfortune Cookie -- TR-069 ACS Vulnerabilities in residential gateway routers,https://web.archive.org/web/20160403035045/http://mis.fortunecook.ie/
2014,Other nominations,,Hostile Subdomain Takeover using Heroku/Github/Desk + more,https://labs.detectify.com/writeups/hostile-subdomain-takeover-using-heroku-github-desk-more/
2014,Other nominations,,File Name Enumeration in Rails,https://hackerone.com/reports/33935
2014,Other nominations,,FlashFlood,https://web.archive.org/web/20160403035045/https://www.whitehatsec.com/blog/hackerkast-13-bonus-round/
2014,Other nominations,,Canadian Beacon,https://web.archive.org/web/20160403035045/https://www.whitehatsec.com/blog/hackerkast-14-bonus-round/
2014,Other nominations,,setTimeout Clickjacking,https://web.archive.org/web/20141231141714/http://blog.whitehatsec.com/hackerkast-11-bonus-round/
2014,Top 10,#1,Heartbleed,https://web.archive.org/web/20160403035045/http://heartbleed.com/
2014,Top 10,#2,ShellShock,https://web.archive.org/web/20160403035045/https://cve.mitre.org/cgi-bin/cvename.cgi?name=CVE-2014-6271
2014,Top 10,#3,Poodle,https://web.archive.org/web/20160403035045/https://www.openssl.org/~bodo/ssl-poodle.pdf
2014,Top 10,#4,Rosetta Flash,https://web.archive.org/web/20160403035045/http://miki.it/blog/2014/7/8/abusing-jsonp-with-rosetta-flash/
2014,Top 10,#5,"Residential Gateway ""Misfortune Cookie""",https://web.archive.org/web/20160403035045/http://threatpost.com/12-million-home-routers-vulnerable-to-takeover/109970
2014,Top 10,#6,Hacking PayPal Accounts with 1 Click,https://web.archive.org/web/20160403035045/http://yasserali.com/hacking-paypal-accounts-with-one-click/
2014,Top 10,#7,Google Two-Factor Authentication Bypass,https://web.archive.org/web/20160403035045/http://gizmodo.com/how-hackers-reportedly-side-stepped-gmails-two-factor-a-1653631338
2014,Top 10,,Apache Struts ClassLoader Manipulation Remote Code Execution,https://web.archive.org/web/20160403035045/https://cwiki.apache.org/confluence/display/WW/S2-020
2014,Top 10,#9,Facebook hosted DDOS with notes app,https://web.archive.org/web/20160403035045/http://chr13.com/2014/04/20/using-facebook-notes-to-ddos-any-website/
2014,Top 10,#10,Covert Timing Channels based on HTTP Cache Headers,https://web.archive.org/web/20160403035045/http://www.slideshare.net/dnkolegov/wh102014
2015,Missed from the original list,,Critical Vulnerabilities in JSON Web Token Libraries,https://www.chosenplaintext.ca/2015/03/31/jwt-algorithm-confusion.html
2015,Missed from the original list,,A Messy State of the Union: Taming the Composite State Machines of TLS,https://www.ieee-security.org/TC/SP2015/papers-archived/6949a535.pdf
2015,Missed from the original list,,The Spy in the Sandbox: Practical Cache Attacks in JavaScript and their Implications,https://arxiv.org/abs/1502.07373
2015,Missed from the original list,,Rowhammer.js: A Remote Software-Induced Fault Attack in JavaScript,https://arxiv.org/abs/1507.06955
2015,Missed from the original list,,Protocol State Fuzzing of TLS Implementations,https://www.usenix.org/conference/usenixsecurity15/technical-sessions/presentation/de-ruiter
2015,Missed from the original list,,Identifying Cross-origin Resource Status Using Application Cache,https://www.ndss-symposium.org/ndss2015/ndss-2015-programme/identifying-cross-origin-resource-status-using-application-cache/
2015,Missed from the original list,,Cookies Lack Integrity: Real-World Implications,https://www.usenix.org/conference/usenixsecurity15/technical-sessions/presentation/zheng
2015,Missed from the original list,,Detecting and Exploiting Second Order Denial-of-Service Vulnerabilities in Web Applications,https://dl.acm.org/doi/10.1145/2810103.2813680
2015,Missed from the original list,,Maneuvering Around Clouds: Bypassing Cloud-based Security Providers,https://dl.acm.org/doi/10.1145/2810103.2813633
2015,Missed from the original list,,On Subnormal Floating Point and Abnormal Timing,https://www.ieee-security.org/TC/SP2015/papers-archived/6949a623.pdf
2015,Missed from the original list,,All Your Biases Belong to Us: Breaking RC4 in WPA-TKIP and TLS,https://www.usenix.org/conference/usenixsecurity15/technical-sessions/presentation/vanhoef
2015,Missed from the original list,,Counterfeit Object-oriented Programming: On the Difficulty of Preventing Code Reuse Attacks in C++ Applications,https://www.ieee-security.org/TC/SP2015/papers-archived/6949a745.pdf
2015,Missed from the original list,,Perplexed Messengers from the Cloud: Automated Security Analysis of Push-Messaging Integrations,https://dl.acm.org/doi/10.1145/2810103.2813652
2015,Missed from the original list,,jÄk: Using Dynamic Analysis to Crawl and Test Modern Web Applications,https://publications.cispa.saarland/538/
2015,Missed from the original list,,Cross-Site Search Attacks,https://dl.acm.org/doi/10.1145/2810103.2813688
2015,Missed from the original list,,Practical Memory Deduplication Attacks in Sandboxed JavaScript,https://gruss.cc/files/dedup.pdf
2015,Missed from the original list,,The Devil is in the Constants: Bypassing Defenses in Browser JIT Engines,https://www.ndss-symposium.org/wp-content/uploads/2017/09/09_1_2.pdf
2015,Missed from the original list,,The Clock is Still Ticking: Timing Attacks in the Modern Web,https://dl.acm.org/doi/10.1145/2810103.2813632
2015,Missed from the original list,,Vetting SSL Usage in Applications with SSLINT,https://www.ieee-security.org/TC/SP2015/papers-archived/6949a519.pdf
2015,Missed from the original list,,Exploiting and Protecting Dynamic Code Generation,https://www.ndss-symposium.org/ndss2015/ndss-2015-programme/exploiting-and-protecting-dynamic-code-generation/
2015,Missed from the original list,,How to Break XML Encryption – Automatically,https://www.usenix.org/conference/woot15/workshop-program/presentation/kupser
2015,Missed from the original list,,Cross-Site Framing Attacks,https://dl.acm.org/doi/10.1145/2818000.2818029
2015,Missed from the original list,,WebRTC IP Address Leaks,https://diafygi.github.io/webrtc-ips/
2015,Missed from the original list,,Man-in-the-Browser-Cache: Persisting HTTPS Attacks via Browser Cache Poisoning,https://doi.org/10.1016/j.cose.2015.07.004
2015,Missed from the original list,,Too LeJIT to Quit: Extending JIT Spraying to ARM,https://www.ndss-symposium.org/wp-content/uploads/2017/09/09_3_2.pdf
2015,Missed from the original list,,"Cache Timing Attacks Revisited: Efficient and Repeatable Browser History, OS and Network Sniffing",https://doi.org/10.1007/978-3-319-18467-8_7
2015,Missed from the original list,,Automatically Detecting SSL Error-Handling Vulnerabilities in Hybrid Mobile Web Apps,https://lilicoding.github.io/SA3Repo/papers/2015_zuo2015automatically.pdf
2015,Missed from the original list,,Cashing Out the Great Cannon? On Browser-Based DDoS Attacks and Economics,https://www.usenix.org/conference/woot15/workshop-program/presentation/pellegrino
2015,Missed from the original list,,HTTPS Bicycle Attack,https://guidovranken.files.wordpress.com/2015/12/https-bicycle-attack.pdf
2015,Other nominations,,"Java Deserialization w/ Apache Commons Collections in WebLogic, WebSphere, JBoss, Jenkins, and OpenNMS",http://foxglovesecurity.com/2015/11/06/what-do-weblogic-websphere-jboss-jenkins-opennms-and-your-application-have-in-common-this-vulnerability/#thevulnerability
2015,Other nominations,,Breaking HTTPS with BGP Hijacking,https://www.youtube.com/watch?v=yEjPIagrB0M
2015,Other nominations,,Pawn Storm (CVE-2015-7645),http://blog.trendmicro.com/trendlabs-security-intelligence/new-adobe-flash-zero-day-used-in-pawn-storm-campaign/
2015,Other nominations,,Superfish SSL MitM,http://arstechnica.com/security/2015/02/lenovo-pcs-ship-with-man-in-the-middle-adware-that-breaks-https-connections/
2015,Other nominations,,Google Drive SSO Phishing,http://www.darkreading.com/cloud/new-phishing-campaign-leverages-google-drive-/d/d-id/1321485
2015,Other nominations,,Dom Flow - Untangling The DOM For More Easy-Juicy Bugs,https://www.youtube.com/watch?v=kedmtrIEW1k
2015,Other nominations,,Password mining from AWS/Parse Tokens,http://www.darkreading.com/application-security/web-app-developers-putting-millions-at-risk/d/d-id/1320720
2015,Other nominations,,St. Louis Federal Reserve DNS Redirect,http://krebsonsecurity.com/2015/05/st-louis-federal-reserve-suffers-dns-breach/
2015,Other nominations,,Expansions on FREAK attack,http://www.darkreading.com/scope-of-freak-flaw-widens-as-microsoft-says-windows-affected-too/d/d-id/1319380
2015,Other nominations,,eDellRoot,http://krebsonsecurity.com/2015/11/security-bug-in-dell-pcs-shipped-since-815/#more-33044
2015,Other nominations,,WordPress Core RCE,http://blog.checkpoint.com/2015/08/04/wordpress-vulnerabilities-1/
2015,Other nominations,,FileCry - The New Age of XXE,https://www.youtube.com/watch?v=YBu0ZB9xIgw
2015,Other nominations,,Server-Side Template Injection: RCE for the Modern Web App,https://www.youtube.com/watch?v=T7_DX9lSjlk
2015,Other nominations,,IE11 RCE,http://www.securityweek.com/microsoft-issues-emergency-patch-critical-ie-flaw-exploited-wild
2015,Other nominations,,Understanding and Managing Entropy Usage,https://www.youtube.com/watch?v=X8Scc2nmSh8
2015,Other nominations,,Attack Surface for Project Spartan's EdgeHTML Rendering Engine,https://www.blackhat.com/docs/us-15/materials/us-15-Yason-Understanding-The-Attack-Surface-And-Attack-Resilience-Of-Project-Spartans-New-EdgeHTML-Rendering-Engine-wp.pdf
2015,Other nominations,,Winning the Online Banking War,https://www.youtube.com/watch?v=7y3K83sOnG8
2015,Other nominations,,CNNINC SSL MitM,https://blog.mozilla.org/security/2015/03/23/revoking-trust-in-one-cnnic-intermediate-certificate/
2015,Other nominations,,New Methods in Automated XSS Detection: Dynamic XSS Testing Without Using Static Payloads,https://www.youtube.com/watch?v=G539NwvpL3I&list=PLpr-xdpM8wG93dG_L9QKs0W1cD-esQEzU&index=23
2015,Other nominations,,"The old is new, again. CVE20112461 is back!",https://www.youtube.com/watch?v=ZW2TVOPAbTE
2015,Other nominations,,New Evasions for Web Application Firewalls,https://mazinahmed.net/uploads/Evading%20All%20Web-Application%20Firewalls%20XSS%20Filters.pdf
2015,Other nominations,,Formaction Scriptless attack updates,https://web.archive.org/web/20171225140648/https://www.whitehatsec.com/blog/hackerkast-29-bonus-round-formaction-scriptless-attack/
2015,Other nominations,,The Unexpected Dangers of Dynamic JavaScript,https://www.usenix.org/system/files/conference/usenixsecurity15/sec15-paper-lekies.pdf
2015,Other nominations,,Who Are You? A Statistical Approach to Protecting LinkedIn Logins(CSS UI Redressing Issue),https://security.linkedin.com/blog-archive#11232015
2015,Other nominations,,Multiple Facebook Messenger CSRF's,http://blog.mazinahmed.net/2015/06/facebook-messenger-multiple-csrf.html
2015,Other nominations,,Relative Path Overwrite,http://www.thespanner.co.uk/2014/03/21/rpo/
2015,Other nominations,,SMTP Injection via Recipient Email Address,http://www.mbsd.jp/Whitepaper/smtpi.pdf
2015,Other nominations,,Serverside Template Injection,http://blog.portswigger.net/2015/08/server-side-template-injection.html
2015,Other nominations,,Hunting Asynchronous Vulnerabilities,http://blog.portswigger.net/2015/09/hunting-asynchronous-vulnerabilities.html
2015,Top 10,#1,FREAK (Factoring Attack on RSA-Export Keys),https://www.freakattack.com/
2015,Top 10,#2,LogJam,https://www.schneier.com/blog/archives/2015/05/the_logjam_and_.html
2015,Top 10,,Web Timing Attacks Made Practical,https://www.youtube.com/watch?v=KirTCSAvt9M
2015,Top 10,#4,Evading All Web Application filters,http://blog.mazinahmed.net/2015/09/evading-all-web-application-firewalls.html
2015,Top 10,,Abusing CDNs with SSRF Flash and DNS,https://www.youtube.com/watch?v=ekUQIVUzDX4
2015,Top 10,#6,illusoryTLS,http://www.illusorytls.com/
2015,Top 10,,Exploiting XXE in File Upload Functionality,https://www.youtube.com/watch?v=ouBwRZJHmmo
2015,Top 10,,Abusing XSLT for Practical Attacks,https://www.youtube.com/watch?v=bUcd-yibTCE
2015,Top 10,#9,Magic Hashes,https://www.whitehatsec.com/blog/magic-hashes/
2015,Top 10,,Hunting ASynchronous Vulnerabilities,https://vimeo.com/ondemand/44conlondon2015/142249673
2016-17,Missed from the original list,,A Journey from JNDI/LDAP Manipulation to Remote Code Execution Dream Land,https://www.blackhat.com/docs/us-16/materials/us-16-Munoz-A-Journey-From-JNDI-LDAP-Manipulation-To-RCE-wp.pdf
2016-17,Missed from the original list,,DROWN: Breaking TLS Using SSLv2,https://www.usenix.org/conference/usenixsecurity16/technical-sessions/presentation/aviram
2016-17,Missed from the original list,,All Your DNS Records Point to Us: Understanding the Security Threats of Dangling DNS Records,https://scholarworks.wm.edu/aspubs/823/
2016-17,Missed from the original list,,Forwarding-Loop Attacks in Content Delivery Networks,https://www.ndss-symposium.org/wp-content/uploads/2017/09/forwarding-loop-attacks-content-delivery-networks.pdf
2016-17,Missed from the original list,,"Transcript Collision Attacks: Breaking Authentication in TLS, IKE and SSH",https://www.ndss-symposium.org/wp-content/uploads/2017/09/transcript-collision-attacks-breaking-authentication-tls-ike-ssh.pdf
2016-17,Missed from the original list,,Exploiting CORS Misconfigurations for Bitcoins and Bounties,https://portswigger.net/research/exploiting-cors-misconfigurations-for-bitcoins-and-bounties
2016-17,Missed from the original list,,"Back in Black: Towards Formal, Black Box Analysis of Sanitizers and Filters",https://www.ieee-security.org/TC/SP2016/papers/0824a091.pdf
2016-17,Missed from the original list,,Trusted Browsers for Uncertain Times,https://www.usenix.org/conference/usenixsecurity16/technical-sessions/presentation/kohlbrenner
2016-17,Missed from the original list,,A Comprehensive Formal Security Analysis of OAuth 2.0,https://arxiv.org/abs/1601.01229
2016-17,Missed from the original list,,Attack Patterns for Black-Box Security Testing of Multi-Party Web Applications,https://www.ndss-symposium.org/wp-content/uploads/2017/09/attack-patterns-black-box-security-testing-multi-party-web-applications.pdf
2016-17,Missed from the original list,,Towards Automated Dynamic Analysis for Linux-based Embedded Firmware,https://www.ndss-symposium.org/wp-content/uploads/2017/09/towards-automated-dynamic-analysis-linux-based-embedded-firmware.pdf
2016-17,Missed from the original list,,Automatic Forgery of Cryptographically Consistent Messages to Identify Security Vulnerabilities in Mobile Services,https://www.ndss-symposium.org/wp-content/uploads/2017/09/automatic-forgery-cryptographically-consistent-messages-identify-security-vulnerabilities.pdf
2016-17,Missed from the original list,,On the Practical (In-)Security of 64-bit Block Ciphers (SWEET32),https://sweet32.info/
2016-17,Missed from the original list,,Request and Conquer: Exposing Cross-Origin Resource Size,https://www.usenix.org/conference/usenixsecurity16/technical-sessions/presentation/vangoethem
2016-17,Missed from the original list,,Timing Attacks Have Never Been So Practical: Advanced Cross-Site Search Attacks,https://www.blackhat.com/docs/us-16/materials/us-16-Gelernter-Timing-Attacks-Have-Never-Been-So-Practical-Advanced-Cross-Site-Search-Attacks.pdf
2016-17,Missed from the original list,,"CSP Is Dead, Long Live CSP!",https://research.google/pubs/csp-is-dead-long-live-csp-on-the-insecurity-of-whitelists-and-the-future-of-content-security-policy/
2016-17,Missed from the original list,,MitM Attack by Name Collision: Cause Analysis and Vulnerability Assessment in the New gTLD Era,https://www.ieee-security.org/TC/SP2016/papers/0824a675.pdf
2016-17,Missed from the original list,,CrossFire: An Analysis of Firefox Extension-Reuse Vulnerabilities,https://www.ndss-symposium.org/wp-content/uploads/2017/09/crossfire-analysis-firefox-extension-reuse-vulnerabilities.pdf
2016-17,Missed from the original list,,Tracking Mobile Web Users Through Motion Sensors: Attacks and Defenses,https://www.ndss-symposium.org/wp-content/uploads/2017/09/tracking-mobile-web-users-through-motion-sensors-attacks-defenses.pdf
2016-17,Missed from the original list,,Crippling HTTPS with Unholy PAC,https://blackhat.com/us-16/briefings.html#crippling-https-with-unholy-pac
2016-17,Missed from the original list,,HEIST: HTTP Encrypted Information can be Stolen Through TCP-Windows,https://www.blackhat.com/docs/us-16/materials/us-16-VanGoethem-HEIST-HTTP-Encrypted-Information-Can-Be-Stolen-Through-TCP-Windows-wp.pdf
2016-17,Missed from the original list,,Practical New Developments in the BREACH Attack,https://www.blackhat.com/docs/asia-16/materials/asia-16-Karakostas-Practical-New-Developments-In-The-BREACH-Attack-wp.pdf
2016-17,Missed from the original list,,A Simple Generic Attack on Text Captchas,https://www.ndss-symposium.org/wp-content/uploads/2017/09/simple-generic-attack-text-captchas.pdf
2016-17,Missed from the original list,,Killed by Proxy: Analyzing Client-end TLS Interception Software,https://www.ndss-symposium.org/wp-content/uploads/2017/09/killed-proxy-analyzing-client-end-tls-interception-software.pdf
2016-17,Missed from the original list,,The Cracked Cookie Jar: HTTP Cookie Hijacking and the Exposure of Private Information,https://www.ieee-security.org/TC/SP2016/papers/0824a724.pdf
2016-17,Missed from the original list,,Domain-Z: 28 Registrations Later,https://coeus.ece.gatech.edu/articles/domain-z-ieee.pdf
2016-17,Missed from the original list,,Website Fingerprinting at Internet Scale,https://www.ndss-symposium.org/wp-content/uploads/2017/09/website-fingerprinting-internet-scale.pdf
2016-17,Missed from the original list,,Beauty and the Beast: Diverting Modern Web Browsers to Build Unique Browser Fingerprints,https://www.ieee-security.org/TC/SP2016/papers/0824a878.pdf
2016-17,Missed from the original list,,I Know What You Saw Last Minute: Encrypted HTTP Adaptive Video Streaming Title Classification,https://arxiv.org/abs/1602.00490
2016-17,Missed from the original list,,The Wolf of Name Street: Hijacking Domains Through Their Nameservers,https://acmccs.github.io/papers/p957-vissersA.pdf
2016-17,Missed from the original list,,ASLR on the Line: Practical Cache Attacks on the MMU,https://www.ndss-symposium.org/ndss2017/ndss-2017-programme/aslrcache-practical-cache-attacks-mmu/
2016-17,Missed from the original list,,Loophole: Timing Attacks on Shared Event Loops in Chrome,https://www.usenix.org/conference/usenixsecurity17/technical-sessions/presentation/vila
2016-17,Missed from the original list,,Finding and Preventing Bugs in JavaScript Bindings,https://mlfbrown.com/malicious.pdf
2016-17,Missed from the original list,,Rewriting History: Changing the Archived Web from the Present,https://acmccs.github.io/papers/p1741-lernerAT3.pdf
2016-17,Missed from the original list,,Fantastic Timers and Where to Find Them: High-Resolution Microarchitectural Attacks in JavaScript,https://misc0110.net/files/timers.pdf
2016-17,Missed from the original list,,NEZHA: Efficient Domain-Independent Differential Testing,https://www.ieee-security.org/TC/SP2017/papers/390.pdf
2016-17,Missed from the original list,,AUTHSCOPE: Towards Automatic Discovery of Vulnerable Access Control in Online Services,https://acmccs.github.io/papers/p799-zuoA.pdf
2016-17,Missed from the original list,,Side-Channel Attacks on Shared Search Indexes,https://www.ieee-security.org/TC/SP2017/papers/449.pdf
2016-17,Missed from the original list,,HVLearn: Automated Black-box Analysis of Hostname Verification in SSL/TLS Implementations,http://www.cs.columbia.edu/~suman/docs/hvlearn.pdf
2016-17,Missed from the original list,,(Cross-)Browser Fingerprinting via OS and Hardware Level Features,https://www.ndss-symposium.org/ndss2017/ndss-2017-programme/cross-browser-fingerprinting-os-and-hardware-level-features/
2016-17,Missed from the original list,,Unleashing the Walking Dead: Understanding Cross-App Remote Infections on Mobile WebViews,https://acmccs.github.io/papers/p829-liA.pdf
2016-17,Missed from the original list,,Deemon: Detecting CSRF with Dynamic Analysis and Property Graphs,https://acmccs.github.io/papers/p1757-pellegrinoA.pdf
2016-17,Missed from the original list,,Tail Attacks on Web Applications,https://acmccs.github.io/papers/p1725-shanAemb.pdf
2016-17,Missed from the original list,,Extension Breakdown: Security Analysis of Browsers Extension Resources Control Policies,https://www.usenix.org/conference/usenixsecurity17/technical-sessions/presentation/sanchez-rola
2016-17,Missed from the original list,,Automated Website Fingerprinting through Deep Learning,https://arxiv.org/abs/1708.06376
2016-17,Missed from the original list,,Same Origin Policy: Evaluation in Modern Browsers,https://www.usenix.org/conference/usenixsecurity17/technical-sessions/presentation/schwenk
2016-17,Missed from the original list,,PDF Mirage: Content Masking Attack Against Information-Based Online Services,https://www.usenix.org/conference/usenixsecurity17/technical-sessions/presentation/markwood
2016-17,Missed from the original list,,FP-STALKER: Tracking Browser Fingerprint Evolutions,https://hal.inria.fr/hal-01652021
2016-17,Missed from the original list,,Fake Co-visitation Injection Attacks to Recommender Systems,https://www.ndss-symposium.org/ndss2017/ndss-2017-programme/fake-co-visitation-injection-attacks-recommender-systems/
2016-17,Missed from the original list,,Beauty and the Burst: Remote Identification of Encrypted Video Streams,https://beautyburst.github.io/
2016-17,Missed from the original list,,SoK: Exploiting Network Printers,https://www.ieee-security.org/TC/SP2017/program-papers.html#sok-exploiting-network-printers
2016-17,Missed from the original list,,ROBOT: Return Of Bleichenbacher's Oracle Threat,https://robotattack.org/
2016-17,Missed from the original list,,The Adventures of AV and the Leaky Sandbox,https://blackhat.com/us-17/briefings.html#the-adventures-of-av-and-the-leaky-sandbox
2016-17,Missed from the original list,,Stealing PINs via Mobile Sensors: Actual Risk versus User Perception,https://pure.york.ac.uk/portal/en/publications/stealing-pins-via-mobile-sensors-actual-risk-versus-user-percepti/
2016-17,Missed from the original list,,"Breaking Out HSTS (and HPKP) on Firefox, IE/Edge and (Possibly) Chrome",https://blackhat.com/archive/europe/2017/briefings.html#breaking-out-hsts
2016-17,Missed from the original list,,Game of Registrars: An Empirical Analysis of Post-Expiration Domain Name Takeovers,https://www.usenix.org/conference/usenixsecurity17/technical-sessions/presentation/lauinger
2016-17,Other nominations,,Cracking the Lens: Targeting HTTP's Hidden Attack-Surface,https://portswigger.net/blog/cracking-the-lens-targeting-https-hidden-attack-surface
2016-17,Other nominations,,XSS without HTML: Client-Side Template Injection with AngularJS,https://portswigger.net/blog/xss-without-html-client-side-template-injection-with-angularjs
2016-17,Other nominations,,GitHubs post-CSP journey,https://githubengineering.com/githubs-post-csp-journey/
2016-17,Other nominations,,CVE-2018-5175: Universal CSP strict-dynamic bypass in Firefox,https://mksben.l0.cm/2018/05/cve-2018-5175-firefox-csp-strict-dynamic-bypass.html
2016-17,Other nominations,,HaXmas: The True Meaning(s) of Metasploit,https://blog.rapid7.com/2017/12/25/haxmas-the-true-meaning-s-of-metasploit/
2016-17,Other nominations,,"The Good, The Bad and The Ugly of Safari in Client-Side Attacks",https://lab.wallarm.com/the-good-the-bad-and-the-ugly-of-safari-in-client-side-attacks-56d0cb61275a
2016-17,Other nominations,,Modern Alchemy: Turning XSS into RCE,https://blog.doyensec.com/2017/08/03/electron-framework-security.html
2016-17,Other nominations,,"My Sweet Innocence Exposed - Eleven Reasons why we will all miss you, e",https://youtu.be/aeevfVXPIqo
2016-17,Other nominations,,Dont Trust The DOM: Bypassing XSS Mitigations Via Script Gadgets,https://youtu.be/p07acPBi-qw
2016-17,Other nominations,,From Markdown to RCE in Atom,https://web.archive.org/web/20181124230850/https://statuscode.ch/2017/11/from-markdown-to-rce-in-atom/
2016-17,Other nominations,,The Absurdly Underestimated Dangers of CSV Injection,http://georgemauer.net/2017/10/07/csv-injection.html
2016-17,Other nominations,,Rare ASP.NET request validation bypass using request encoding,https://www.nccgroup.trust/uk/about-us/newsroom-and-events/blogs/2017/september/rare-aspnet-request-validation-bypass-using-request-encoding/
2016-17,Other nominations,,Password Not Provided - Compromising Any Flurry Users Account,https://lightningsecurity.io/blog/password-not-provided/
2016-17,Other nominations,,$10k host header,https://www.ezequiel.tech/p/10k-host-header.html
2016-17,Other nominations,,The .io Error - Taking Control of All .io Domains With a Targeted Registration,https://thehackerblog.com/the-io-error-taking-control-of-all-io-domains-with-a-targeted-registration/index.html
2016-17,Other nominations,,Pivoting from blind SSRF to RCE with HashiCorp Consul,http://www.kernelpicnic.net/2017/05/29/Pivoting-from-blind-SSRF-to-RCE-with-Hashicorp-Consul.html
2016-17,Other nominations,,Exploiting the unexploitable with lesser known browser tricks,https://speakerdeck.com/filedescriptor/exploiting-the-unexploitable-with-lesser-known-browser-tricks
2016-17,Other nominations,,Why CSP Should be carefully crafted: Twitter XSS CSP Bypass ,http://www.paulosyibelo.com/2017/05/twitter-xss-csp-bypass.html
2016-17,Other nominations,,Text/Plain Considered Harmful,https://web.archive.org/web/20180808171731/https://jankopecky.net/index.php/2017/04/18/0day-textplain-considered-harmful/
2016-17,Other nominations,,Autobinding vulns and Spring MVC,https://agrrrdog.blogspot.com/2017/03/autobinding-vulns-and-spring-mvc.html
2016-17,Other nominations,,Stealing Messenger.com Login Nonces,https://stephensclafani.com/2017/03/21/stealing-messenger-com-login-nonces/
2016-17,Other nominations,,Hacking Slack using postMessage and WebSocket-reconnect to steal your precious token,https://labs.detectify.com/2017/02/28/hacking-slack-using-postmessage-and-websocket-reconnect-to-steal-your-precious-token/
2016-17,Other nominations,,The Attack of the Alerts and the Zombie Script (IE),https://www.brokenbrowser.com/zombie-alert/
2016-17,Other nominations,,Shopware 5.3.3: PHP Object Instantiation to Blind XXE,https://blog.ripstech.com/2017/shopware-php-object-instantiation-to-blind-xxe/
2016-17,Other nominations,,Assorted WordPress DB prepare exploits,https://twitter.com/mslavco/status/1019332176846950400
2016-17,Other nominations,,X41 Browser Security Whitepaper,https://github.com/x41sec/browser-security-whitepaper-2017/blob/master/X41-Browser-Security-White-Paper.pdf
2016-17,Other nominations,,How I used google dorks to find 0-days,https://www.linkedin.com/pulse/how-i-used-google-dorks-find-0-days-suraj-khetani/
2016-17,Other nominations,,MITM Attacks on HTTPS: Another Perspective,https://www.slideshare.net/GreenD0g/mitm-attacks-on-https-another-perspective/
2016-17,Other nominations,,Google Maps XSS (by fiddling with Protobuf),https://medium.com/@marin_m/how-i-found-a-5-000-google-maps-xss-by-fiddling-with-protobuf-963ee0d9caff
2016-17,Top 10,#1,A New Era of SSRF - Exploiting URL Parser in Trending Programming Languages!,https://www.blackhat.com/docs/us-17/thursday/us-17-Tsai-A-New-Era-Of-SSRF-Exploiting-URL-Parser-In-Trending-Programming-Languages.pdf
2016-17,Top 10,#2,Web Cache Deception Attack,https://omergil.blogspot.com/2017/02/web-cache-deception-attack.html
2016-17,Top 10,#3,How I hacked hundreds of companies through their helpdesk,https://medium.com/intigriti/how-i-hacked-hundreds-of-companies-through-their-helpdesk-b7680ddc2d4c
2016-17,Top 10,#4,Friday-The-13th-JSON-Attacks-wp.pdf,https://www.blackhat.com/docs/us-17/thursday/us-17-Munoz-Friday-The-13th-JSON-Attacks-wp.pdf
2016-17,Top 10,#5,1139 - cloudflare: Cloudflare Reverse Proxies are Dumping Uninitialized Memory,https://bugs.chromium.org/p/project-zero/issues/detail?id=1139
2016-17,Top 10,#6,Advanced Flash Vulnerabilities,https://opnsec.com/category/flash/
2016-17,Top 10,#7,A deep dive into AWS S3 access controls taking full control over your assets,https://labs.detectify.com/2017/07/13/a-deep-dive-into-aws-s3-access-controls-taking-full-control-over-your-assets/
2016-17,Top 10,#8,Request encoding to bypass web application firewalls,https://www.nccgroup.trust/uk/about-us/newsroom-and-events/blogs/2017/august/request-encoding-to-bypass-web-application-firewalls/
2016-17,Top 10,#9,Cure53 Browser Security Whitepaper,https://github.com/cure53/browser-sec-whitepaper/blob/master/browser-security-whitepaper.pdf
2016-17,Top 10,#10,Binary Webshell Through OPcache in PHP 7,https://gosecure.net/2016/04/27/binary-webshell-through-opcache-in-php-7/
2018,Missed from the original list,,Spectre Attacks: Exploiting Speculative Execution,https://spectreattack.com/spectre.pdf
2018,Missed from the original list,,Browser history re:visited,https://www.usenix.org/conference/woot18/presentation/smith
2018,Missed from the original list,,Bamboozling Certificate Authorities with BGP,https://www.usenix.org/conference/usenixsecurity18/presentation/birge-lee
2018,Missed from the original list,,Study and Mitigation of Origin Stripping Vulnerabilities in Hybrid-postMessage Enabled Mobile Applications,https://ieeexplore.ieee.org/document/8418635/
2018,Missed from the original list,,Grand Pwning Unit: Accelerating Microarchitectural Attacks with the GPU,https://download.vusec.net/papers/glitch_sp18.pdf
2018,Missed from the original list,,Cloud Strife: Mitigating the Security Risks of Domain-Validated Certificates,https://www.ndss-symposium.org/wp-content/uploads/2018/02/ndss2018_06A-4_Borgolte_paper.pdf
2018,Missed from the original list,,Mobile Application Web API Reconnaissance: Web-to-Mobile Inconsistencies & Vulnerabilities,https://people.engr.tamu.edu/guofei/paper/WARDroid_SP18.pdf
2018,Missed from the original list,,SYNODE: Understanding and Automatically Preventing Injection Attacks on Node.js,https://www.software-lab.org/publications/ndss2018.pdf
2018,Missed from the original list,,NAVEX: Precise and Scalable Exploit Generation for Dynamic Web Applications,https://www-personal.umd.umich.edu/~birhanu/dsplab/publications/navex-2018/
2018,Missed from the original list,,WPSE: Fortifying Web Protocols via Browser-Side Security Monitoring,https://www.usenix.org/conference/usenixsecurity18/presentation/calzavara
2018,Missed from the original list,,Clock Around the Clock: Time-Based Device Fingerprinting,https://www.eurecom.edu/publication/5664/download/sec-publi-5664.pdf
2018,Missed from the original list,,Vetting Single Sign-On SDK Implementations via Symbolic Reasoning,https://www.usenix.org/conference/usenixsecurity18/presentation/yang
2018,Missed from the original list,,Deep Fingerprinting: Undermining Website Fingerprinting Defenses with Deep Learning,https://arxiv.org/abs/1801.02265
2018,Missed from the original list,,"O Single Sign-Off, Where Art Thou? An Empirical Analysis of Single Sign-On Account Hijacking and Session Management on the Web",https://www.usenix.org/conference/usenixsecurity18/presentation/ghasemisharif
2018,Missed from the original list,,Adventures in Video Conferencing Part 1: The Wild World of WebRTC,https://projectzero.google/2018/12/adventures-in-video-conferencing-part-1.html
2018,Missed from the original list,,A Sense of Time for JavaScript and Node.js: First-Class Timeouts as a Cure for Event Handler Poisoning,https://www.usenix.org/conference/usenixsecurity18/presentation/davis
2018,Missed from the original list,,Mystique: Uncovering Information Leakage from Browser Extensions,https://www.kapravelos.com/publications/mystique-CCS18.pdf
2018,Missed from the original list,,Automated Generation of Event-Oriented Exploits in Android Hybrid Apps,https://www.ndss-symposium.org/wp-content/uploads/2018/02/ndss2018_04B-3_Yang_paper.pdf
2018,Missed from the original list,,Riding out DOMsday: Towards Detecting and Preventing DOM Cross-Site Scripting,https://www.ndss-symposium.org/wp-content/uploads/2018/02/ndss2018_07A-4_Melicher_paper.pdf
2018,Missed from the original list,,Freezing the Web: A Study of ReDoS Vulnerabilities in JavaScript-based Web Servers,https://www.usenix.org/conference/usenixsecurity18/presentation/staicu
2018,Missed from the original list,,Security Risks in Asynchronous Web Servers: When Performance Optimizations Amplify the Impact of Data-Oriented Attacks,https://fabianmonrose.github.io/papers/morton18.pdf
2018,Missed from the original list,,Security Analysis of eIDAS — The Cross-Country Authentication Scheme in Europe,https://www.usenix.org/conference/woot18/workshop-program
2018,Other nominations,,How I exploited ACME TLS-SNI-01 issuing Let's Encrypt SSL-certs for any domain using shared hosting,https://labs.detectify.com/2018/01/12/how-i-exploited-acme-tls-sni-01-issuing-lets-encrypt-ssl-certs-for-any-domain-using-shared-hosting/
2018,Other nominations,,Kicking the Rims - A Guide for Securely Writing and Auditing Chrome Extensions,https://thehackerblog.com/kicking-the-rims-a-guide-for-securely-writing-and-auditing-chrome-extensions/
2018,Other nominations,,An analysis of logic flaws in web-of-trust services,https://edoverflow.com/2018/logic-flaws-in-wot-services/
2018,Other nominations,,Scratching the surface of host headers in Safari,https://labs.detectify.com/2018/04/04/host-headers-safari/
2018,Other nominations,,RCE by uploading a web.config,https://poc-server.com/blog/2018/05/22/rce-by-uploading-a-web-config/
2018,Other nominations,,"Security: HTTP Smuggling, Apsis Pound load balancer",https://regilero.github.io/security/english/2018/07/03/security_pound_http_smuggling/
2018,Other nominations,,Piercing the Veil: Server Side Request Forgery to NIPRNet access,https://medium.com/bugbountywriteup/piercing-the-veil-server-side-request-forgery-to-niprnet-access-c358fd5e249a
2018,Other nominations,,A bug that affects million users - Kaspersky VPN,https://www.inputzero.io/2018/08/kaspersky-vpn-leaks-dns-address.html
2018,Other nominations,,Telegram anonymity fails in desktop - CVE-2018-17780,https://www.inputzero.io/2018/09/bug-bounty-telegram-cve-2018-17780.html
2018,Other nominations,,An untold story of Skype by Microsoft,https://www.inputzero.io/2018/09/buggy-skype.html
2018,Other nominations,,Neatly bypassing CSP,https://lab.wallarm.com/how-to-trick-csp-in-letting-you-run-whatever-you-want-73cb5ff428aa
2018,Other nominations,,Large-Scale Analysis of Style Injection by Relative Path Overwrite - www2018rpo_paper.pdf,https://sajjadium.github.io/files/www2018rpo_paper.pdf
2018,Other nominations,,Logically Bypassing Browser Security Boundaries,https://speakerdeck.com/shhnjk/logically-bypassing-browser-security-boundaries
2018,Other nominations,,Web Cache Deception Attack,https://www.youtube.com/watch?v=mroq9eHFOIU
2018,Other nominations,,Duo Finds SAML Vulnerabilities Affecting Multiple Implementations,https://duo.com/blog/duo-finds-saml-vulnerabilities-affecting-multiple-implementations
2018,Other nominations,,#307670 Difference in query string parameter processing between Hacker News and Keybase Chrome extension spawns chat to incorrect user,https://hackerone.com/reports/307670
2018,Other nominations,,"Report Spam, Get Owned",https://www.lanmaster53.com/2018/03/15/report-spam-get-owned/
2018,Other nominations,,#309531 Stored XSS in Snapmatic + R★Editor comments,https://hackerone.com/reports/309531
2018,Other nominations,,InsertScript: Adobe Reader PDF - Client Side Request Injection,https://insert-script.blogspot.com/2018/05/adobe-reader-pdf-client-side-request.html
2018,Other nominations,,$36k Google App Engine RCE - Ezequiel Pereira,https://www.ezequiel.tech/p/36k-google-app-engine-rce.html
2018,Other nominations,,MKSB(en): CVE-2018-5175: Universal CSP strict-dynamic bypass in Firefox,https://mksben.l0.cm/2018/05/cve-2018-5175-firefox-csp-strict-dynamic-bypass.html
2018,Other nominations,,#341876 SSRF in Exchange leads to ROOT access in all instances,https://hackerone.com/reports/341876
2018,Other nominations,,reCAPTCHA bypass via HTTP Parameter Pollution,https://andresriancho.com/recaptcha-bypass-via-http-parameter-pollution/
2018,Other nominations,,Read&Write Chrome Extension Same Origin Policy (SOP) Bypass Vulnerability,https://thehackerblog.com/reading-your-emails-with-a-readwrite-chrome-extension-same-origin-policy-bypass-8-million-users-affected/index.html
2018,Other nominations,,Firefox uXSS and CSS XSS - Abdulrahman Al-Qabandi,https://leucosite.com/Firefox-uXSS-and-CSS-XSS/
2018,Other nominations,,Server-Side Spreadsheet Injection - Formula Injection to Remote Code Execution - Bishop Fox,https://www.bishopfox.com/blog/2018/06/server-side-spreadsheet-injections/
2018,Other nominations,,Bypassing Web-Application Firewalls by abusing SSL/TLS,https://0x09al.github.io/waf/bypass/ssl/2018/07/02/web-application-firewall-bypass.html
2018,Other nominations,,Evading CSP with DOM-based dangling markup,https://portswigger.net/blog/evading-csp-with-dom-based-dangling-markup
2018,Other nominations,,Save Your Cloud: DoS on VMs in OpenNebula 4.6.1,https://web-in-security.blogspot.com/2018/07/save-your-cloud-dos-on-vms-in.html
2018,Other nominations,,CRLF Injection Into PHP's cURL Options,https://medium.com/@tomnomnom/crlf-injection-into-phps-curl-options-e2e0d7cfe545
2018,Other nominations,,#317476 Account Takeover in Periscope TV,https://hackerone.com/reports/317476
2018,Other nominations,,A timing attack with CSS selectors and Javascript,https://blog.sheddow.xyz/css-timing-attack/
2018,Other nominations,,VPN Extensions are not for privacy,https://blog.innerht.ml/vpn-extensions-are-not-for-privacy/
2018,Other nominations,,Exposing Intranets with reliable Browser-based Port scanning,https://portswigger.net/blog/exposing-intranets-with-reliable-browser-based-port-scanning
2018,Other nominations,,A story of the passive aggressive sysadmin of AEM,https://speakerdeck.com/fransrosen/a-story-of-the-passive-aggressive-sysadmin-of-aem
2018,Other nominations,,Hunting for security bugs in AEM webapps,https://speakerdeck.com/0ang3el/hunting-for-security-bugs-in-aem-webapps
2018,Other nominations,,ASP.NET resource files (.RESX) and deserialisation issues,https://www.nccgroup.trust/uk/about-us/newsroom-and-events/blogs/2018/august/aspnet-resource-files-resx-and-deserialisation-issues/
2018,Other nominations,,Story of my two (but actually three) RCEs in SharePoint in 2018 | Soroush Dalili (@irsdl) -- سروش دلیلی,https://soroush.me/blog/story-of-two-published-rces-in-sharepoint-workflows
2018,Other nominations,,Beware of Deserialisation in .NET Methods and Classes + Code Execution via Paste!,https://www.nccgroup.trust/uk/about-us/newsroom-and-events/blogs/2018/december/beware-of-deserialisation-in-.net-methods-and-classes-code-execution-via-paste/
2018,Other nominations,,cat ~/footstep.ninja/blog.txt,https://footstep.ninja/posts/password-reset/
2018,Other nominations,,Blog - RCE due to ShowExceptions,https://blog.harshjaiswal.com/rce-due-to-showexceptions
2018,Other nominations,,MB blog: Vulnerability in Hangouts Chat: from open redirect to code execution,https://blog.bentkowski.info/2018/07/vulnerability-in-hangouts-chat-aka-how.html
2018,Other nominations,,Blog on Gopherus Tool,https://spyclub.tech/2018/08/14/2018-08-14-blog-on-gopherus/
2018,Other nominations,,DNS Rebinding Headless Browsers,https://labs.mwrinfosecurity.com/blog/from-http-referer-to-aws-security-credentials/
2018,Top 10,#1,Breaking-Parser-Logic-Take-Your-Path-Normalization-Off-And-Pop-0days-Out,https://i.blackhat.com/us-18/Wed-August-8/us-18-Orange-Tsai-Breaking-Parser-Logic-Take-Your-Path-Normalization-Off-And-Pop-0days-Out-2.pdf
2018,Top 10,#2,Practical Web Cache Poisoning,https://portswigger.net/blog/practical-web-cache-poisoning
2018,Top 10,#3,Beyond XSS: Edge Side Include Injection,https://gosecure.net/2018/04/03/beyond-xss-edge-side-include-injection/
2018,Top 10,#4,GitHub - HoLyVieR/prototype-pollution-nsec18: Content released at NorthSec 2018 for my talk on prototype pollution,https://github.com/HoLyVieR/prototype-pollution-nsec18
2018,Top 10,#5,"Attacking ""Modern"" Web Technologies",https://www.slideshare.net/fransrosen/attacking-modern-web-technologies?from_action=save
2018,Top 10,,It's A PHP Unserialization Vulnerability Jim But Not As We Know It,https://www.youtube.com/watch?v=GePBmsNJw6Y
2018,Top 10,#7,Exploiting XXE with local DTD files,https://mohemiv.com/all/exploiting-xxe-with-local-dtd-files/
2018,Top 10,#8,Prepare(): Introducing Novel Exploitation Techniques in WordPress,https://www.sambuz.com/doc/p-r-e-p-a-r-e-i-n-t-r-o-d-u-c-i-n-g-n-o-v-e-l-e-x-p-l-o-i-presentation-910240
2018,Top 10,#9,Data Exfiltration via Formula Injection #Part1,https://www.notsosecure.com/data-exfiltration-formula-injection/
2018,Top 10,#10,XS-Searching Google's bug tracker to find out vulnerable source code,https://medium.com/@luanherrera/xs-searching-googles-bug-tracker-to-find-out-vulnerable-source-code-50d8135b7549
2019,Missed from the original list,,Turbo Intruder: Embracing the billion-request attack,https://portswigger.net/research/turbo-intruder-embracing-the-billion-request-attack
2019,Missed from the original list,,Cross-Origin State Inference (COSI) Attacks: Leaking Web Site States through XS-Leaks,https://arxiv.org/abs/1908.02204
2019,Missed from the original list,,Iframes/Popups Are Dangerous in Mobile WebView: Studying and Mitigating Differential Context Vulnerabilities,https://www.usenix.org/conference/usenixsecurity19/presentation/yang-guangliang
2019,Missed from the original list,,Leaky Images: Targeted Privacy Attacks in the Web,https://www.usenix.org/conference/usenixsecurity19/presentation/staicu
2019,Missed from the original list,,Bypassing CSP with policy injection,https://portswigger.net/research/bypassing-csp-with-policy-injection
2019,Missed from the original list,,JavaScript Template Attacks: Automatically Inferring Host Information for Targeted Exploits,https://www.ndss-symposium.org/wp-content/uploads/2019/02/ndss2019_01B-4_Schwarz_paper.pdf
2019,Missed from the original list,,What Are You Searching For? A Remote Keylogging Attack on Search Engine Autocomplete,https://www.usenix.org/conference/usenixsecurity19/presentation/monaco
2019,Missed from the original list,,Cross-Site Challenge-Response Attacks,https://madweb.work/papers/2019/paper4.pdf
2019,Missed from the original list,,PhishFarm: A Scalable Framework for Measuring the Effectiveness of Evasion Techniques against Browser Phishing Blacklists,https://doi.org/10.1109/SP.2019.00049
2019,Missed from the original list,,All Your Clicks Belong to Me: Investigating Click Interception on the Web,https://www.usenix.org/conference/usenixsecurity19/presentation/zhang
2019,Missed from the original list,,Latex Gloves: Protecting Browser Extensions from Probing and Revelation Attacks,https://www.ndss-symposium.org/wp-content/uploads/2019/02/ndss2019_01B-5_Sjosten_paper.pdf
2019,Missed from the original list,,Scalable Scanning and Automatic Classification of TLS Padding Oracle Vulnerabilities,https://www.usenix.org/conference/usenixsecurity19/presentation/merget
2019,Missed from the original list,,Postcards from the Post-HTTP World: Amplification of HTTPS Vulnerabilities in the Web Ecosystem,https://ieeexplore.ieee.org/document/8835223
2019,Missed from the original list,,The Betrayal at Cloud City: An Empirical Analysis of Cloud-Based Mobile Backends,https://www.usenix.org/conference/usenixsecurity19/presentation/alrawi
2019,Missed from the original list,,Provoking browser quirks with behavioural fuzzing,https://portswigger.net/research/provoking-browser-quirks-with-behavioural-fuzzing
2019,Missed from the original list,,Measuring and Analyzing Search Engine Poisoning of Linguistic Collisions,https://doi.org/10.1109/SP.2019.00025
2019,Missed from the original list,,Telerik Revisited,https://code-white.com/blog/2019-02-telerik-revisited/
2019,Missed from the original list,,Re-Animating ActivitySurrogateSelector,https://www.netspi.com/blog/technical-blog/red-teaming/re-animating-activitysurrogateselector/
2019,Other nominations,,HTTP Desync Attacks: Request Smuggling Reborn,https://portswigger.net/blog/http-desync-attacks-request-smuggling-reborn
2019,Other nominations,,Facebook Messenger server random memory exposure through corrupted GIF,https://www.vulnano.com/2019/03/facebook-messenger-server-random-memory.html
2019,Other nominations,,Let's Make Windows Defender Angry: Antivirus can be an oracle!,https://speakerdeck.com/icchy/lets-make-windows-defender-angry-antivirus-can-be-an-oracle
2019,Other nominations,,At Home Among Strangers,https://speakerdeck.com/bo0om/at-home-among-strangers?slide=9
2019,Other nominations,,Exploiting padding oracles with fixed IVs,https://blog.teddykatz.com/2019/11/23/json-padding-oracles.html
2019,Other nominations,,XSS in GMail's AMP4Email via DOM Clobbering,https://research.securitum.com/xss-in-amp4email-dom-clobbering/
2019,Other nominations,,Abusing HTTP hop-by-hop request headers,https://nathandavison.com/blog/abusing-http-hop-by-hop-request-headers
2019,Other nominations,,Unveiling vulnerabilities in WebSocket APIs,https://speakerdeck.com/0ang3el/whats-wrong-with-websocket-apis-unveiling-vulnerabilities-in-websocket-apis
2019,Other nominations,,CPDoS: Cache Poisoned Denial of Service,https://cpdos.org/
2019,Other nominations,,Security analysis of portal element,https://research.securitum.com/security-analysis-of-portal-element/
2019,Other nominations,,Abusing autoresponders and email bounces,https://medium.com/intigriti/abusing-autoresponders-and-email-bounces-9b1995eb53c2
2019,Other nominations,,ESI Injection Part 2: Abusing specific implementations,https://www.gosecure.net/blog/2019/05/02/esi-injection-part-2-abusing-specific-implementations
2019,Other nominations,,A Tale of Exploitation in Spreadsheet File Conversions,https://buer.haus/2019/10/18/a-tale-of-exploitation-in-spreadsheet-file-conversions/
2019,Other nominations,,Reusing Cookies,https://medium.com/@ricardoiramar/reusing-cookies-23ed4691122b
2019,Other nominations,,SSRF Protocol Smuggling in Plaintext Credential Handlers : LDAP,https://www.silentrobots.com/blog/2019/02/06/ssrf-protocol-smuggling-in-plaintext-credential-handlers-ldap/
2019,Other nominations,,Exploiting prototype pollution - RCE in Kibana,https://research.securitum.com/prototype-pollution-rce-kibana-cve-2019-7609/
2019,Other nominations,,Exploiting SSRF in AWS Elastic Beanstalk,https://www.notsosecure.com/exploiting-ssrf-in-aws-elastic-beanstalk/
2019,Other nominations,,"Don't open that XML: XXE to RCE in XML plugins for VS Code, Eclipse, Theia, ...",https://www.shielder.it/blog/dont-open-that-xml-xxe-to-rce-in-xml-plugins-for-vs-code-eclipse-theia/
2019,Other nominations,,Finding and Exploiting .NET Remoting over HTTP using Deserialisation,https://www.nccgroup.trust/uk/about-us/newsroom-and-events/blogs/2019/march/finding-and-exploiting-.net-remoting-over-http-using-deserialisation/
2019,Other nominations,,Getting Shell with XAMLX Files,https://soroush.me/downloadable/getting_shell_with_xamlx_files.pdf
2019,Other nominations,,Common Security Issues in Financially-Oriented Web Applications,https://soroush.me/downloadable/common-security-issues-in-financially-orientated-web-applications-_v1.1.pdf
2019,Other nominations,,IIS Application vs. Folder Detection During Blackbox Testing,https://soroush.me/blog/iis-application-vs-folder-detection-during-blackbox-testing
2019,Other nominations,,Exploiting Deserialisation in ASP.NET via ViewState,https://soroush.me/blog/exploiting-deserialisation-in-asp-net-via-viewstate
2019,Other nominations,,The Cookie Monster in Your Browsers,https://speakerdeck.com/filedescriptor/the-cookie-monster-in-your-browsers
2019,Other nominations,,DOMPurify 2.0.0 bypass using mutation XSS,https://research.securitum.com/dompurify-bypass-using-mxss/
2019,Other nominations,,XSS-Auditor --- the protector of unprotected and the deceiver of protected,https://medium.com/@terjanq/xss-auditor-the-protector-of-unprotected-f900a5e15b7b
2019,Other nominations,,Get pwned by scanning QR Code,https://payatu.com/blog/nikhil-mittal/firefox-ios-qr-code-reader-xss-(cve-2019-17003
2019,Other nominations,,Remote Code Execution via Insecure Deserialization in Telerik UI,https://know.bishopfox.com/research/cve-2019-18935-remote-code-execution-in-telerik-ui
2019,Other nominations,,The world of Site Isolation and compromised renderer,https://www.youtube.com/watch?v=ppW_soCb6wM
2019,Other nominations,,SSO Wars: The Token Menace,https://i.blackhat.com/USA-19/Wednesday/us-19-Munoz-SSO-Wars-The-Token-Menace-wp.pdf
2019,Other nominations,,HostSplit: Exploitable Antipatterns in Unicode Normalization,https://i.blackhat.com/USA-19/Thursday/us-19-Birch-HostSplit-Exploitable-Antipatterns-In-Unicode-Normalization-wp.pdf
2019,Other nominations,,Backchannel Leaks on Strict Content-Security Policy,https://mazinahmed.net/blog/backchannel-leaks-on-strict-csp-policy/
2019,Other nominations,,Uploading web.config for Fun and Profit 2,https://soroush.me/blog/uploading-web-config-for-fun-and-profit-2
2019,Other nominations,,Exploiting Spring Boot Actuators,https://www.veracode.com/blog/research/exploiting-spring-boot-actuators
2019,Other nominations,,Exploiting JNDI Injections in Java,https://www.veracode.com/blog/research/exploiting-jndi-injections-java
2019,Other nominations,,Apache Solr Injection Research,https://github.com/veracode-research/solr-injection
2019,Other nominations,,PHP-FPM RCE(CVE-2019-11043),https://blog.orange.tw/2019/10/an-analysis-and-thought-about-recently.html
2019,Other nominations,,Bypassing SOP Using the Browser Cache,https://portswigger-labs.net/fmnt.php?x=acunetix.com/blog/web-security-zone/bypassing-sop-using-the-browser-cache/
2019,Other nominations,,Reverse proxies & Inconsistency,https://www.youtube.com/watch?v=ZfKuOdbQt2c
2019,Other nominations,,x-up-devcap-post-charset Header in ASP.NET to Bypass WAFs Again,https://soroush.me/blog/x-up-devcap-post-charset-header-in-aspnet-to-bypass-wafs-again
2019,Top 10,#1,Cached and Confused: Web Cache Deception in the Wild,https://sajjadium.github.io/files/usenixsec2020wcd_paper.pdf
2019,Top 10,#2,Cross-Site Leaks,https://sirdarckcat.blogspot.com/2019/03/http-cache-cross-site-leaks.html
2019,Top 10,,Owning The Clout Through Server Side Request Forgery,https://www.youtube.com/watch?v=o-tL9ULF0KI
2019,Top 10,#4,Hacking Jenkins Part 2 - Abusing Meta Programming for Unauthenticated RCE!,https://blog.orange.tw/2019/02/abusing-meta-programming-for-unauthenticated-rce.html
2019,Top 10,#5,Google Search XSS,https://www.youtube.com/watch?v=gVrdE6g_fa8
2019,Top 10,#6,All is XSS that comes to the .NET,https://blog.isec.pl/all-is-xss-that-comes-to-the-net/
2019,Top 10,#7,Exploring Continuous Integration Services as a Bug Bounty Hunter,https://edoverflow.com/2019/ci-knew-there-would-be-bugs-here/
2019,Top 10,,Infiltrating Corporate Intranet Like NSA: Pre-Auth RCE On Leading SSL VPNs,https://www.youtube.com/watch?v=1IoythC_pIY
2019,Top 10,#9,Microsoft Edge (Chromium) - Elevation of Privilege to Potential RCE,https://leucosite.com/Edge-Chromium-EoP-RCE/
2019,Top 10,#10,"Exploiting Null Byte Buffer Overflow for a $40,000 bounty",https://samcurry.net/filling-in-the-blanks-exploiting-null-byte-buffer-overflow-for-a-40000-bounty/
2020,Missed from the original list,,Timeless Timing Attacks: Exploiting Concurrency to Leak Secrets over Remote Connections,https://www.usenix.org/conference/usenixsecurity20/presentation/van-goethem
2020,Missed from the original list,,Prototype Pollution and bypassing client-side HTML sanitizers,https://www.securitum.com/prototype-pollution-and-bypassing-client-side-html-sanitizers.html
2020,Missed from the original list,,DOM Clobbering strikes back,https://portswigger.net/research/dom-clobbering-strikes-back
2020,Missed from the original list,,Composition Kills: 18 Attacks on Email Sender Authentication,https://www.usenix.org/conference/usenixsecurity20/presentation/chen-jianjun
2020,Missed from the original list,,Melting Pot of Origins: Compromising the Intermediary Web Services that Rehost Websites,https://www.ndss-symposium.org/ndss-paper/melting-pot-of-origins-compromising-the-intermediary-web-services-that-rehost-websites/
2020,Missed from the original list,,PMForce: Systematically Analyzing PostMessage Handlers at Scale,https://publications.cispa.saarland/3164/
2020,Missed from the original list,,Carnus: Exploring the Privacy Threats of Browser Extension Fingerprinting,https://www.ndss-symposium.org/ndss-paper/carnus-exploring-the-privacy-threats-of-browser-extension-fingerprinting/
2020,Missed from the original list,,CDN Judo: Breaking the CDN DoS Protection with Itself,https://www.ndss-symposium.org/ndss-paper/cdn-judo-breaking-the-cdn-dos-protection-with-itself/
2020,Missed from the original list,,FUSE: Finding File Upload Bugs via Penetration Testing,https://www.ndss-symposium.org/ndss-paper/fuse-finding-file-upload-bugs-via-penetration-testing/
2020,Missed from the original list,,The Cookie Hunter: Automated Black-box Auditing for Web Authentication and Authorization Flaws,https://www.cs.uic.edu/~polakis/classes/CS568/fall-2020/cookiehijacker-ccs20.pdf
2020,Missed from the original list,,A Tale of Two Headers: A Formal Analysis of Inconsistent Click-Jacking Protection on the Web,https://www.usenix.org/conference/usenixsecurity20/presentation/calzavara
2020,Missed from the original list,,Deceptive Previews: A Study of the Link Preview Trustworthiness in Social Platforms,https://www.ndss-symposium.org/ndss-paper/deceptive-previews-a-study-of-the-link-preview-trustworthiness-in-social-platforms/
2020,Other nominations,,Write-up for a Path Traversal on Gravitee.io,https://medium.com/@maxime.escourbiac/write-up-of-path-traversal-on-gravitee-io-8835941be69f
2020,Other nominations,,Fastjson: exceptional deserialization vulnerabilities,https://www.alphabot.com/security/blog/2020/java/Fastjson-exceptional-deserialization-vulnerabilities.html
2020,Other nominations,,Room for Escape: Scribbling Outside the Lines of Template Security,https://i.blackhat.com/USA-20/Wednesday/us-20-Munoz-Room-For-Escape-Scribbling-Outside-The-Lines-Of-Template-Security-wp.pdf
2020,Other nominations,,Web Cache Entanglement: Novel Pathways to Poisoning,https://portswigger.net/research/web-cache-entanglement
2020,Other nominations,,HTTP Request Smuggling in 2020,https://i.blackhat.com/USA-20/Wednesday/us-20-Klein-HTTP-Request-Smuggling-In-2020-New-Variants-New-Defenses-And-New-Challenges.pdf
2020,Other nominations,,Redefining Impossible: XSS without arbitrary JavaScript ,https://portswigger.net/research/redefining-impossible-xss-without-arbitrary-javascript
2020,Other nominations,,The Curious Case of Copy & Paste - on risks of pasting arbitrary content in browsers,https://research.securitum.com/the-curious-case-of-copy-paste/
2020,Other nominations,,Mutation XSS via namespace confusion - DOMPurify < 2.0.17 bypass,https://research.securitum.com/mutation-xss-via-mathml-mutation-dompurify-2-0-17-bypass/
2020,Other nominations,,Salesforce Lightning - An in-depth look at exploitation vectors for the everyday community,https://www.enumerated.de/index/salesforce
2020,Other nominations,,Advanced MSSQL Injection Tricks,https://swarm.ptsecurity.com/advanced-mssql-injection-tricks/
2020,Other nominations,,SD-PWN Part 2 --- Citrix SD-WAN Center,https://medium.com/realmodelabs/sd-pwn-part-2-citrix-sd-wan-center-another-network-takeover-a9c950a1a27c
2020,Other nominations,,"Blind SQL Injection without an ""in""",https://medium.com/@terjanq/blind-sql-injection-without-an-in-1e14ba1d4952
2020,Other nominations,,Chaining Exposed Actuators and H2 Database Aliases in Spring Boot 2 ,https://spaceraccoon.dev/remote-code-execution-in-three-acts-chaining-exposed-actuators-and-h2-database
2020,Other nominations,,Exploiting email address parsing with AWS SES,https://nathandavison.com/blog/exploiting-email-address-parsing-with-aws-ses
2020,Other nominations,,Revisiting ReDoS: A Rough Idea of Data Exfiltration by ReDoS and Side-channel Techniques,https://speakerdeck.com/lmt_swallow/revisiting-redos-a-rough-idea-of-data-exfiltration-by-redos-and-side-channel-techniques
2020,Other nominations,,Exploiting POST-based XSSI,https://blog.cm2.pw/exploiting-post-based-xssi/
2020,Other nominations,,Uninitialized Memory Disclosures in Web Applications,https://blog.silentsignal.eu/2020/04/20/uninitialized-memory-disclosures-in-web-applications/
2020,Other nominations,,Researching Polymorphic Images for XSS on Google Scholar,https://blog.doyensec.com/2020/04/30/polymorphic-images-for-xss.html
2020,Other nominations,,Secret fragments: Remote code execution on Symfony based websites,https://www.ambionics.io/blog/symfony-secret-fragment
2020,Other nominations,,The unexpected Google wide domain check bypass,https://bugs.xdavidhu.me/google/2020/03/08/the-unexpected-google-wide-domain-check-bypass/
2020,Other nominations,,Marginwidth/marginheight - the unexpected cross-origin communication channel,https://research.securitum.com/marginwidth-marginheight-the-unexpected-cross-origin-communication-channel/
2020,Other nominations,,CSS data exfiltration in Firefox via a single injection point,https://research.securitum.com/css-data-exfiltration-in-firefox-via-single-injection-point/
2020,Other nominations,,Forcing Firefox to Execute XSS Payloads during 302 Redirects ,https://www.gremwell.com/firefox-xss-302
2020,Other nominations,,TURN server allows TCP and UDP proxying to internal network,https://hackerone.com/reports/333419
2020,Other nominations,,"AST Injection, Prototype Pollution to RCE",https://blog.p6.is/AST-Injection/
2020,Other nominations,,Bypass SameSite Cookies Default to Lax and get CSRF,https://medium.com/@renwa/bypass-samesite-cookies-default-to-lax-and-get-csrf-343ba09b9f2b
2020,Other nominations,,Covert Web Shells in .NET with Read-Only Web Paths,https://www.mdsec.co.uk/2020/10/covert-web-shells-in-net-with-read-only-web-paths/
2020,Other nominations,,A Security Review of SharePoint Site Pages,https://www.mdsec.co.uk/2020/03/a-security-review-of-sharepoint-site-pages/
2020,Other nominations,,My hacking adventures with Safari reader mode,https://payatu.com/blog/nikhil-mittal/my-hacking-adventures-with-safari-reader-mode
2020,Other nominations,,Code injection in Workflows leading to SharePoint RCE,https://www.mdsec.co.uk/2020/01/code-injection-in-workflows-leading-to-sharepoint-rce-cve-2020-0646/
2020,Other nominations,,The Powerful HTTP Request Smuggling,https://medium.com/@ricardoiramar/the-powerful-http-request-smuggling-af208fafa142
2020,Other nominations,,XXE-scape through the front door: circumventing the firewall with HTTP request smuggling,https://honoki.net/2020/03/18/xxe-scape-through-the-front-door-circumventing-the-firewall-with-http-request-smuggling/
2020,Other nominations,,"Exploiting ""Google BigQuery"" SQL Injection Vulnerability",https://hackemall.live/index.php/2020/03/31/akamai-web-application-firewall-bypass-journey-exploiting-google-bigquery-sql-injection-vulnerability/
2020,Other nominations,,Exploiting dynamic rendering engines to take control of web apps,https://r2c.dev/blog/2020/exploiting-dynamic-rendering-engines-to-take-control-of-web-apps/
2020,Other nominations,,Blind SSRF exploitation,https://lab.wallarm.com/blind-ssrf-exploitation/
2020,Other nominations,,Story of a weird vulnerability I found on Facebook,https://medium.com/@amineaboud/story-of-a-weird-vulnerability-i-found-on-facebook-fc0875eb5125
2020,Other nominations,,"Weird Vulnerabilities Happening on Load Balancers, Shallow Copies and Caches",https://medium.com/dataseries/weird-vulnerabilities-happening-on-load-balancers-shallow-copies-and-caches-9194d4f72322
2020,Other nominations,,Unauthorized Google Maps API Key Usage Cases,https://ozguralp.medium.com/unauthorized-google-maps-api-key-usage-cases-and-why-you-need-to-care-1ccb28bf21e
2020,Other nominations,,XSS fun with animated SVG,https://blog.isec.pl/xss-fun-with-animated-svg/
2020,Other nominations,,Exploiting HSQLDB,https://swarm.ptsecurity.com/rce-in-f5-big-ip/
2020,Other nominations,,Real-life OIDC Security (II): Login Confusion,https://security.lauritz-holtmann.de/post/sso-security-login-confusion/
2020,Other nominations,,Security and Privacy of Social Logins,https://www.nds.ruhr-uni-bochum.de/media/nds/arbeiten/2020/10/29/Masterarbeit_Louis_Jannett_Security_and_Privacy_of_Social_Logins.pdf
2020,Other nominations,,Cache Key Normalization Denial of Service,https://iustin24.github.io/Cache-Key-Normalization-Denial-of-Service/
2020,Other nominations,,Hacking AWS Cognito Misconfigurations,https://notsosecure.com/hacking-aws-cognito-misconfigurations/
2020,Top 10,#1,h2c Smuggling: Request Smuggling Via HTTP/2 Cleartext (h2c),https://labs.bishopfox.com/tech-blog/h2c-smuggling-request-smuggling-via-http/2-cleartext-h2c
2020,Top 10,#2,Portable Data exFiltration: XSS for PDFs ,https://portswigger.net/research/portable-data-exfiltration
2020,Top 10,#3,Attacking Secondary Contexts in Web Applications,https://docs.google.com/presentation/d/1N9Ygrpg0Z-1GFDhLMiG3jJV6B_yGqBk8tuRWO1ZicV8/edit#slide=id.p
2020,Top 10,#4,TLS-poison,https://github.com/jmdx/TLS-poison/
2020,Top 10,#5,NAT Slipstreaming,https://samy.pl/slipstream/
2020,Top 10,#6,Smuggling HTTP headers through reverse proxies,https://github.security.telekom.com/2020/05/smuggling-http-headers-through-reverse-proxies.html
2020,Top 10,#7,Unauthenticated RCE on MobileIron MDM,https://blog.orange.tw/2020/09/how-i-hacked-facebook-again-mobileiron-mdm-rce.html
2020,Top 10,#8,ImageMagick - Shell injection via PDF password,https://insert-script.blogspot.com/2020/11/imagemagick-shell-injection-via-pdf.html
2020,Top 10,#9,Attacking MS Exchange Web Interfaces,https://swarm.ptsecurity.com/attacking-ms-exchange-web-interfaces/
2020,Top 10,#10,WAF evasion techniques,https://blog.isec.pl/waf-evasion-techniques/
2021,Missed from the original list,,Spook.js: Attacking Chrome Strict Site Isolation via Speculative Execution,https://www.spookjs.com/
2021,Missed from the original list,,"Prime+Probe 1, JavaScript 0: Overcoming Browser-based Side-Channel Defenses",https://arxiv.org/abs/2103.04952
2021,Missed from the original list,,Tales of Favicons and Caches: Persistent Tracking in Modern Browsers,https://www.ndss-symposium.org/ndss-paper/tales-of-favicons-and-caches-persistent-tracking-in-modern-browsers/
2021,Missed from the original list,,JAW: Studying Client-side CSRF with Hybrid Property Graphs and Declarative Traversals,https://www.usenix.org/conference/usenixsecurity21/presentation/khodayari
2021,Missed from the original list,,Abusing Hidden Properties to Attack the Node.js Ecosystem,https://www.usenix.org/conference/usenixsecurity21/presentation/xiao
2021,Missed from the original list,,DNS Cache Poisoning Attack: Resurrections with Side Channels,https://www.cs.ucr.edu/~zhiyunq/pub/ccs21_dns_poisoning.pdf
2021,Missed from the original list,,Processing Dangerous Paths: On Security and Privacy of the Portable Document Format,https://www.ndss-symposium.org/ndss-paper/processing-dangerous-paths-on-security-and-privacy-of-the-portable-document-format/
2021,Missed from the original list,,ALPACA: Application Layer Protocol Confusion — Analyzing and Mitigating Cracks in TLS Authentication,https://alpaca-attack.com/
2021,Missed from the original list,,SerialDetector: Principled and Practical Exploration of Object Injection Vulnerabilities for the Web,https://www.ndss-symposium.org/ndss-paper/serialdetector-principled-and-practical-exploration-of-object-injection-vulnerabilities-for-the-web/
2021,Missed from the original list,,Fingerprinting in Style: Detecting Browser Extensions via Injected Style Sheets,https://www.usenix.org/conference/usenixsecurity21/presentation/laperdrix
2021,Missed from the original list,,Revealer: Detecting and Exploiting Regular Expression Denial-of-Service Vulnerabilities,https://research.cuhk.edu.hk/en/publications/revealer-detecting-and-exploiting-regular-expression-denial-of-se-2/
2021,Missed from the original list,,Gummy Browsers: Targeted Browser Spoofing against State-of-the-Art Fingerprinting Techniques,https://arxiv.org/abs/2110.10129
2021,Missed from the original list,,To Err.Is Human: Characterizing the Threat of Unintended URLs in Social Media,https://www.ndss-symposium.org/ndss-paper/to-err-is-human-characterizing-the-threat-of-unintended-urls-in-social-media/
2021,Other nominations,,Universal Deserialisation Gadget for Ruby 2.x-3.x,https://devcraft.io/2021/01/07/universal-deserialisation-gadget-for-ruby-2-x-3-x.html
2021,Other nominations,,"The Secret Parameter, LFR, and Potential RCE in NodeJS Apps",https://blog.shoebpatel.com/2021/01/23/The-Secret-Parameter-LFR-and-Potential-RCE-in-NodeJS-Apps/
2021,Other nominations,,Misconfigurations in Java XML Parsers,http://immunityservices.blogspot.com/2021/02/misconfigurations-in-java-xml-parsers.html
2021,Other nominations,,Breaking GitHub Private Pages for $35k,https://robertchen.cc/blog/2021/04/03/github-pages-xss
2021,Other nominations,,Forgot password? Taking over user accounts Kaminsky style,https://sec-consult.com/blog/detail/forgot-password-taking-over-user-accounts-kaminsky-style/
2021,Other nominations,,Integer overflow vulnerability in HAProxy,https://jfrog.com/blog/critical-vulnerability-in-haproxy-cve-2021-40346-integer-overflow-enables-http-smuggling/
2021,Other nominations,,T-Reqs: HTTP Request Smuggling with Differential Fuzzing,https://bahruz.me/papers/ccs2021treqs.pdf
2021,Other nominations,,"uBlock, I exfiltrate: exploiting ad blockers with CSS",https://portswigger.net/research/ublock-i-exfiltrate-exploiting-ad-blockers-with-css
2021,Other nominations,,Empirical Study of HTTP Request Smuggling in Servers and Proxies,https://kth.diva-portal.org/smash/get/diva2:1596031/FULLTEXT01.pdf
2021,Other nominations,,Weird proxies/2 and a bit of magic,https://speakerdeck.com/greendog/2-and-a-bit-of-magic
2021,Other nominations,,Response Smuggling- Pwning HTTP-1.1 Connections,https://media.defcon.org/DEF%20CON%2029/DEF%20CON%2029%20presentations/Martin%20Doyhenard%20-%20Response%20Smuggling-%20Pwning%20HTTP-1.1%20Connections.pdf
2021,Other nominations,,RCE in Homebrew by compromising the official Cask repository,https://blog.ryotak.me/post/homebrew-security-incident-en/
2021,Other nominations,,Bypassing 2FA using OpenID Misconfiguration,https://youst.in/posts/bypassing-2fa-using-openid-misconfiguration/
2021,Other nominations,,Pop-Ups in a good-world,https://gccybermonks.com/posts/popups/
2021,Other nominations,,XSS to RCE in the Opera Browser,https://blogs.opera.com/security/2021/09/8000-bug-bounty-highlight-xss-to-rce-in-the-opera-browser/
2021,Other nominations,,Attacking the DevTools,https://microsoftedge.github.io/edgevr/posts/attacking-the-devtools/
2021,Other nominations,,AppCache's forgotten tales,https://blog.lbherrera.me/posts/appcache-forgotten-tales/
2021,Other nominations,,Web Cache Deception Escalates!,https://www.usenix.org/system/files/sec22summer_mirheidari.pdf
2021,Other nominations,,Local File Read via Stored XSS in The Opera Browser,https://blogs.opera.com/security/2021/09/bug-bounty-guest-post-local-file-read-via-stored-xss-in-the-opera-browser/
2021,Other nominations,,LEXSS: Bypassing Lexical Parsing Security Controls,https://bishopfox.com/blog/lexss-bypassing-lexical-parsing-security-controls
2021,Other nominations,,Ping'ing XMLSec,https://blog.tint0.com/2021/09/pinging-xmlsec.html
2021,Other nominations,,A Scientific Notation Bug in MySQL exposed AWS WAF,https://www.gosecure.net/blog/2021/10/19/a-scientific-notation-bug-in-mysql-left-aws-waf-clients-vulnerable-to-sql-injection/
2021,Other nominations,,Securing XML implementations across the web,https://mattermost.com/blog/securing-xml-implementations-across-the-web/
2021,Other nominations,,HotPics 2021,https://www.slideshare.net/neexemil/hotpics-2021
2021,Other nominations,,Remote code execution in cdnjs of Cloudflare,https://blog.ryotak.me/post/cdnjs-remote-code-execution-en/
2021,Other nominations,,Exploiting CSP in Webkit to Break Authentication & Authorization,https://threatnix.io/blog/exploiting-csp-in-webkit-to-break-authentication-authorization/
2021,Other nominations,,You Talking To Me?,https://starlabs.sg/blog/2021/04/you-talking-to-me/
2021,Other nominations,,Play the Opera Please,https://www.inputzero.io/2021/04/play-the-opera-please.html
2021,Other nominations,,Hacking CloudKit - How I accidentally deleted your Apple Shortcuts,https://labs.detectify.com/2021/09/13/hacking-cloudkit-how-i-accidentally-deleted-your-apple-shortcuts/
2021,Other nominations,,Turning Blind Error Based MSSQL Injection into Exploitable Boolean One,https://ozguralp.medium.com/turning-blind-error-based-sql-injection-into-an-exploitable-boolean-one-85d6be3ca23b
2021,Top 10,#1,Dependency Confusion,https://medium.com/@alex.birsan/dependency-confusion-4a5d60fec610
2021,Top 10,#2,HTTP/2: The Sequel is Always Worse,https://portswigger.net/research/http2
2021,Top 10,#3,A New Attack Surface on MS Exchange - ProxyLogon,https://blog.orange.tw/posts/2021-08-proxylogon-a-new-attack-surface-on-ms-exchange-part-1/
2021,Top 10,#4,Prototype Pollution,https://blog.s1r1us.ninja/research/PP
2021,Top 10,#5,Hidden OAuth attack vectors,https://portswigger.net/research/hidden-oauth-attack-vectors
2021,Top 10,#6,Cache Poisoning at Scale,https://youst.in/posts/cache-poisoning-at-scale/
2021,Top 10,#7,JSON Interoperability Vulnerabilities,https://bishopfox.com/blog/json-interoperability-vulnerabilities
2021,Top 10,#8,Practical HTTP Header Smuggling,https://www.intruder.io/research/practical-http-header-smuggling
2021,Top 10,#9,HTTP Smuggling via Higher HTTP Versions,https://www.slideshare.net/neexemil/http-request-smuggling-via-higher-http-versions
2021,Top 10,#10,Fuzzing for XSS via nested parsers condition,https://swarm.ptsecurity.com/fuzzing-for-xss-via-nested-parsers-condition/
2022,Missed from the original list,,Hertzbleed: Turning Power Side-Channel Attacks Into Remote Timing Attacks on x86,https://www.usenix.org/conference/usenixsecurity22/presentation/wang-yingchen
2022,Missed from the original list,,FuzzOrigin: Detecting UXSS vulnerabilities in Browsers through Origin Fuzzing,https://www.usenix.org/conference/usenixsecurity22/presentation/kim
2022,Missed from the original list,,Rendering Contention Channel Made Practical in Web Browsers,https://www.usenix.org/conference/usenixsecurity22/presentation/wu-shujiang
2022,Missed from the original list,,Targeted Deanonymization via the Cache Side Channel,https://www.usenix.org/conference/usenixsecurity22/presentation/zaheri
2022,Missed from the original list,,DRAWN APART: A Device Identification Technique based on Remote GPU Fingerprinting,https://orenlab.cis.bgu.ac.il/p/DrawnApart
2022,Missed from the original list,,Phish in Sheep's Clothing: Exploring the Authentication Pitfalls of Browser Fingerprinting,https://www.usenix.org/conference/usenixsecurity22/presentation/lin-xu
2022,Missed from the original list,,Port Contention Goes Portable: Port Contention Side Channels in Web Browsers,https://thomasrokicki.github.io/publications/wpc.pdf
2022,Missed from the original list,,Identity Confusion in WebView-based Mobile App-in-app Ecosystems,https://www.usenix.org/conference/usenixsecurity22/presentation/zhang-lei
2022,Missed from the original list,,HTTP/3 connection contamination: an upcoming threat?,https://portswigger.net/research/http-3-connection-contamination
2022,Missed from the original list,,Timing-Based Browsing Privacy Vulnerabilities Via Site Isolation,https://www.microsoft.com/en-us/research/publication/timing-based-browsing-privacy-vulnerabilities-via-site-isolation/
2022,Missed from the original list,,The Dangers of Human Touch: Fingerprinting Browser Extensions through User Actions,https://www.usenix.org/conference/usenixsecurity22/presentation/solomos
2022,Missed from the original list,,Probe the Proto: Measuring Client-Side Prototype Pollution Vulnerabilities of One Million Real-world Websites,https://www.ndss-symposium.org/ndss-paper/auto-draft-207/
2022,Missed from the original list,,Wobfuscator: Obfuscating JavaScript Malware via Opportunistic Translation to WebAssembly,https://doi.org/10.1109/SP46214.2022.00064
2022,Missed from the original list,,GET /out: Automated Discovery of Application-Layer Censorship Evasion Strategies,https://www.usenix.org/conference/usenixsecurity22/presentation/harrity
2022,Missed from the original list,,Counting in Regexes Considered Harmful: Exposing ReDoS Vulnerability of Nonbacktracking Matchers,https://www.usenix.org/conference/usenixsecurity22/presentation/turonova
2022,Missed from the original list,,Mining Node.js Vulnerabilities via Object Dependence Graph and Query,https://www.usenix.org/conference/usenixsecurity22/presentation/li-song
2022,Missed from the original list,,Silent Spring: Prototype Pollution Leads to Remote Code Execution in Node.js,https://arxiv.org/abs/2207.11171
2022,Missed from the original list,,Pre-hijacked Accounts: An Empirical Study of Security Failures in User Account Creation on the Web,https://arxiv.org/abs/2205.10174
2022,Missed from the original list,,Testability Tarpits: the Impact of Code Patterns on the Security Testing of Web Applications,https://www.ndss-symposium.org/ndss-paper/auto-draft-206/
2022,Missed from the original list,,Experimental Security Analysis of the App Model in Business Collaboration Platforms,https://www.usenix.org/conference/usenixsecurity22/presentation/chen-yunang-experimental
2022,Missed from the original list,,The Security Lottery: Measuring Client-Side Web Security Inconsistencies,https://www.usenix.org/conference/usenixsecurity22/presentation/roth
2022,Missed from the original list,,Characterizing the Security of GitHub CI Workflows,https://www.usenix.org/conference/usenixsecurity22/presentation/koishybayev
2022,Missed from the original list,,Leaky Forms: A Study of Email and Password Exfiltration Before Form Submission,https://www.usenix.org/conference/usenixsecurity22/presentation/senol
2022,Missed from the original list,,.NET Remoting Revisited,https://code-white.com/blog/2022-01-dotnet-remoting-revisited/
2022,Other nominations,,Disclosing information with a side-channel in Django,https://www.sonarsource.com/blog/disclosing-information-with-a-side-channel-in-django/
2022,Other nominations,,PHP filters chain: What is it and how to use it,https://www.synacktiv.com/publications/php-filters-chain-what-is-it-and-how-to-use-it.html
2022,Other nominations,,Caching the Un-cacheables - Abusing URL Parser Confusions,https://nokline.github.io/bugbounty/2022/09/02/Glassdoor-Cache-Poisoning.html
2022,Other nominations,,Discovering Domains via a Time-Correlation Attack on Certificate Transparency,https://swarm.ptsecurity.com/discovering-domains-via-a-time-correlation-attack/
2022,Other nominations,,FRAMESHIFTER: Security Implications of HTTP/2-to-HTTP/1 Conversion Anomalies,https://bahruz.me/publications/11844.pdf
2022,Other nominations,,{JS-ON: Security-OFF}: Abusing JSON-Based SQL to Bypass WAF,https://claroty.com/team82/research/js-on-security-off-abusing-json-based-sql-to-bypass-waf
2022,Other nominations,,Let's Dance in the Cache - Destabilizing Hash Table on Microsoft IIS!,http://blog.orange.tw/2022/08/lets-dance-in-the-cache-destabilizing-hash-table-on-microsoft-iis.html
2022,Other nominations,,A story of leaking uninitialized memory from Fastly,https://medium.com/@emil.lerner/leaking-uninitialized-memory-from-fastly-83327bcbee1f
2022,Other nominations,,Hacking Salesforce-backed WebApps,https://www.hypn.za.net/blog/2022/11/12/Hacking-Salesforce-backed-WebApps/
2022,Other nominations,,Exploiting Inter-Process Communication in SAP's HTTP Server,https://i.blackhat.com/USA-22/Wednesday/US-22-Doyhenard-Internal-Server-Error.pdf
2022,Other nominations,,Melting the DNS Iceberg: Taking over your infrastructure Kaminsky style,https://sec-consult.com/blog/detail/melting-the-dns-iceberg-taking-over-your-infrastructure-kaminsky-style/
2022,Other nominations,,The great SameSite confusion,https://jub0bs.com/posts/2021-01-29-great-samesite-confusion/
2022,Other nominations,,"The Underrated Bugs, Clickjacking, CSS Injection, Drag-Drop XSS, Cookie Bomb...",https://medium.com/@renwa/the-underrated-bugs-clickjacking-css-injection-drag-drop-xss-cookie-bomb-login-logout-csrf-84307a98fffa
2022,Other nominations,,Persistent PHP payloads in PNGs: How to inject PHP code in an image,https://www.synacktiv.com/publications/persistent-php-payloads-in-pngs-how-to-inject-php-code-in-an-image-and-keep-it-there.html
2022,Other nominations,,Till REcollapse: : Fuzzing the web for mysterious bugs,https://0xacb.com/2022/11/21/recollapse/
2022,Other nominations,,Exploiting Java's XML Signature Verification,https://googleprojectzero.blogspot.com/2022/11/gregor-samsa-exploiting-java-xml.html
2022,Other nominations,,Jetty Features for Hacking Web Apps,https://swarm.ptsecurity.com/jetty-features-for-hacking-web-apps/
2022,Other nominations,,SSRF vulnerabilities caused by SNI proxy misconfigurations,https://www.invicti.com/blog/web-security/ssrf-vulnerabilities-caused-by-sni-proxy-misconfigurations/
2022,Other nominations,,CSRF Resurrections Starring the Unholy Trinity,https://www.youtube.com/watch?v=bhthwXhGZDY
2022,Other nominations,,Deep understand ASPX file handling and some related attack vectors,https://blog.viettelcybersecurity.com/deep-understand-aspx-file-handling-and-some-related-attack-vector/
2022,Other nominations,,Arbitrary File Upload Tricks In Java,https://pyn3rd.github.io/2022/05/07/Arbitrary-File-Upload-Tricks-In-Java/
2022,Other nominations,,Apache Pinot SQLi and RCE Cheat Sheet,https://blog.doyensec.com/2022/06/09/apache-pinot-sqli-rce.html
2022,Other nominations,,The Danger of Falling to System Role in AWS SDK Client,https://blog.doyensec.com/2022/10/18/cloudsectidbit-dataimport.html
2022,Other nominations,,ElectroVolt - Pwning Popular Desktop Apps,https://www.youtube.com/watch?v=Olq6XnZ4Pwo
2022,Other nominations,,Hijacking service workers via DOM Clobbering,https://portswigger.net/research/hijacking-service-workers-via-dom-clobbering
2022,Other nominations,,WAF bypasses via 0days,https://terjanq.medium.com/waf-bypasses-via-0days-d4ef1f212ec
2022,Other nominations,,Exploring the World of ESI Injection,https://infosecwriteups.com/exploring-the-world-of-esi-injection-b86234e66f91
2022,Other nominations,,A Magic Way of XSS in HTTP/2,https://tttang.com/archive/1703/
2022,Other nominations,,Miracle - One Vulnerability To Rule Them All,https://peterjson.medium.com/miracle-one-vulnerability-to-rule-them-all-c3aed9edeea2
2022,Other nominations,,Exploiting Arbitrary Object Instantiations in PHP without Custom Classes,https://swarm.ptsecurity.com/exploiting-arbitrary-object-instantiations/
2022,Other nominations,,SpEL Casting and Evil Beans,https://wya.pl/2022/02/26/cve-2022-22947-spel-casting-and-evil-beans/
2022,Other nominations,,The OWASSRF + TabShell exploit chain,https://blog.viettelcybersecurity.com/tabshell-owassrf/
2022,Other nominations,,Exploiting Static Site Generators: When Static Is Not Actually Static,https://blog.assetnote.io/2022/10/28/exploiting-static-site-generators/
2022,Other nominations,,What is prototype poisoning? Prototype bugs explained,https://www.jerkeby.se/newsletter/posts/prototype-poisoning/
2022,Other nominations,,In GUID We Trust,https://www.intruder.io/research/in-guid-we-trust
2022,Other nominations,,Bypass CSP Using WordPress By Abusing Same Origin Method Execution,https://octagon.net/blog/2022/05/29/bypass-csp-using-wordpress-by-abusing-same-origin-method-execution/
2022,Top 10,#1,"Account hijacking using ""dirty dancing"" in sign-in OAuth-flows",https://labs.detectify.com/2022/07/06/account-hijacking-using-dirty-dancing-in-sign-in-oauth-flows/
2022,Top 10,#2,Browser-Powered Desync Attacks: A New Frontier in HTTP Request Smuggling,https://portswigger.net/research/browser-powered-desync-attacks
2022,Top 10,#3,Zimbra Email - Stealing Clear-Text Credentials via Memcache injection,https://www.sonarsource.com/blog/zimbra-mail-stealing-clear-text-credentials-via-memcache-injection/
2022,Top 10,,Hacking the Cloud with SAML,https://www.youtube.com/watch?v=WHn-6xHL7mI
2022,Top 10,#5,Bypassing .NET Serialization Binders,https://codewhitesec.blogspot.com/2022/06/bypassing-dotnet-serialization-binders.html
2022,Top 10,#6,Making HTTP header injection critical via response queue poisoning,https://portswigger.net/research/making-http-header-injection-critical-via-response-queue-poisoning
2022,Top 10,#7,Worldwide Server-side Cache Poisoning on All Akamai Edge Nodes,https://medium.com/@jacopotediosi/worldwide-server-side-cache-poisoning-on-all-akamai-edge-nodes-50k-bounty-earned-f97d80f3922b
2022,Top 10,#8,Psychic Signatures in Java,https://neilmadden.blog/2022/04/19/psychic-signatures-in-java/
2022,Top 10,#9,Practical client-side path-traversal attacks,https://mr-medi.github.io/research/2022/11/04/practical-client-side-path-traversal-attacks.html
2022,Top 10,#10,Exploiting Web3’s Hidden Attack Surface: Universal XSS on Netlify’s Next.js Library,https://samcurry.net/universal-xss-on-netlifys-next-js-library/
2023,Missed from the original list,,The Leaky Web: Automated Discovery of Cross-Site Information Leaks in Browsers and the Web,https://trouge.net/papers/xsleaks_sp2023.pdf
2023,Missed from the original list,,DiffCSP: Finding Browser Bugs in Content Security Policy Enforcement through Differential Testing,https://www.ndss-symposium.org/ndss-paper/diffcsp-finding-browser-bugs-in-content-security-policy-enforcement-through-differential-testing/
2023,Missed from the original list,,Isolated and Exhausted: Attacking Operating Systems via Site Isolation in the Browser,https://www.usenix.org/conference/usenixsecurity23/presentation/gierlings
2023,Missed from the original list,,Scaling JavaScript Abstract Interpretation to Detect and Exploit Node.js Taint-style Vulnerability,https://www.yinzhicao.org/FAST/ODGen-FAST.pdf
2023,Missed from the original list,,RøB: Ransomware over Modern Web Browsers,https://www.usenix.org/conference/usenixsecurity23/presentation/oz
2023,Missed from the original list,,"It's (DOM) Clobbering Time: Attack Techniques, Prevalence, and Defenses",https://trouge.net/publication/domclob-sp-2023/
2023,Missed from the original list,,Finding All Cross-Site Needles in the DOM Stack,https://casa.rub.de/en/research/publications/detail/finding-all-cross-site-needles-in-the-dom-stack-a-comprehensive-methodology-for-the-automatic-xs-leak-detection-in-web-browsers
2023,Missed from the original list,,SynthDB: Synthesizing Database via Program Analysis for Security Testing of Web Applications,https://www.ndss-symposium.org/ndss-paper/synthdb-synthesizing-database-via-program-analysis-for-security-testing-of-web-applications/
2023,Missed from the original list,,Fashion Faux Pas: Implicit Stylistic Fingerprints for Bypassing Browsers' Anti-Fingerprinting Defenses,https://www.cs.uic.edu/~polakis/papers/lin-sp23.pdf
2023,Missed from the original list,,Navigating Murky Waters: Automated Browser Feature Testing for Uncovering Tracking Vectors,https://www.ndss-symposium.org/ndss-paper/navigating-murky-waters-automated-browser-feature-testing-for-uncovering-tracking-vectors/
2023,Missed from the original list,,"CoCo: Efficient Browser Extension Vulnerability Detection via Coverage-guided, Concurrent Abstract Interpretation",https://yinzhicao.org/CoCo/CoCo.pdf
2023,Missed from the original list,,QUICforge: Client-side Request Forgery in QUIC,https://www.ndss-symposium.org/ndss-paper/quicforge-client-side-request-forgery-in-quic/
2023,Missed from the original list,,Uncovering and Exploiting Hidden APIs in Mobile Super Apps,https://arxiv.org/abs/2306.08134
2023,Missed from the original list,,Checking Passwords on Leaky Computers: A Side Channel Analysis of Chrome's Password Leak Detect Protocol,https://www.usenix.org/conference/usenixsecurity23/presentation/kwong
2023,Missed from the original list,,A Security Study about Electron Applications and a Programming Methodology to Tame DOM Functionalities,https://www.ndss-symposium.org/ndss-paper/a-security-study-about-electron-applications-and-a-programming-methodology-to-tame-dom-functionalities/
2023,Missed from the original list,,Extending a Hand to Attackers: Browser Privilege Escalation Attacks via Extensions,https://www.usenix.org/conference/usenixsecurity23/presentation/kim-young-min
2023,Missed from the original list,,Second Breakfast: Implicit and Mutation-Based Serialization Vulnerabilities in .NET,https://media.defcon.org/DEF%20CON%2031/DEF%20CON%2031%20presentations/Jonathan%20Birch%20-%20Second%20Breakfast%20Implicit%20and%20Mutation-Based%20Serialization%20Vulnerabilities%20in%20.NET-whitepaper.pdf
2023,Missed from the original list,,Exploiting ASP.NET TemplateParser — Part I,https://code-white.com/blog/exploiting-asp.net-templateparser-part-1/
2023,Other nominations,,Ransacking your password reset tokens,https://positive.security/blog/ransack-data-exfiltration
2023,Other nominations,,mTLS: When certificate authentication is done wrong,https://github.blog/2023-08-17-mtls-when-certificate-authentication-is-done-wrong/
2023,Other nominations,,Bypass firewalls with of-CORs and typo-squatting,https://trufflesecurity.com/blog/of-cors/
2023,Other nominations,,RCE via LDAP truncation on hg.mozilla.org,https://0day.click/recipe/pash/
2023,Other nominations,,Cookie Bugs - Smuggling & Injection,https://blog.ankursundara.com/cookie-bugs/
2023,Other nominations,,"OAuth 2.0 Redirect URI Validation Falls Short, Literally",https://seclab.nu/static/publications/acsac23oauth.pdf
2023,Other nominations,,Prototype Pollution in Python,https://blog.abdulrah33m.com/prototype-pollution-in-python/
2023,Other nominations,,Pretalx Vulnerabilities: How to get accepted at every conference,https://www.sonarsource.com/blog/pretalx-vulnerabilities-how-to-get-accepted-at-every-conference/
2023,Other nominations,,Blind CSS Exfiltration: exfiltrate unknown web pages,https://portswigger.net/research/blind-css-exfiltration
2023,Other nominations,,Server-side prototype pollution: Black-box detection without the DoS,https://portswigger.net/research/server-side-prototype-pollution
2023,Other nominations,,Tricks for Reliable Split-Second DNS Rebinding in Chrome and Safari,https://www.intruder.io/research/split-second-dns-rebinding-in-chrome-and-safari
2023,Other nominations,,HTML Over the Wire,https://bountyplz.xyz/bugbounty/2023/07/30/HTML-Over-The-Wire.html
2023,Other nominations,,DOM-based race condition: racing in the browser for fun - RyotaK's Blog,https://blog.ryotak.net/post/dom-based-race-condition/
2023,Other nominations,,"You Are Not Where You Think You Are, Opera Browsers Address Bar Spoofing Vulnerabilities",https://medium.com/@renwa/you-are-not-where-you-think-you-are-opera-browsers-address-bar-spoofing-vulnerabilities-aa36ad8321d8
2023,Other nominations,,CVE-2022-4908: SOP bypass in Chrome using Navigation API,https://joaxcar.com/blog/2023/10/06/cve-2022-4908-sop-bypass-in-chrome-using-navigation-api/
2023,Other nominations,,SSO Gadgets: Escalate (Self-)XSS to ATO,https://security.lauritz-holtmann.de/post/xss-ato-gadgets/
2023,Other nominations,,Three New Attacks Against JSON Web Tokens,https://i.blackhat.com/BH-US-23/Presentations/US-23-Tervoort-Three-New-Attacks-Against-JSON-Web-Tokens-whitepaper.pdf
2023,Other nominations,,Introducing wrapwrap: using PHP filters to wrap a file with a prefix and suffix,https://www.ambionics.io/blog/wrapwrap-php-filters-suffix
2023,Other nominations,,SSRF Cross Protocol Redirect Bypass,https://blog.doyensec.com/2023/03/16/ssrf-remediation-bypass.html
2023,Other nominations,,A New Vector For “Dirty” Arbitrary File Write to RCE,https://blog.doyensec.com/2023/02/28/new-vector-for-dirty-arbitrary-file-write-2-rce.html
2023,Other nominations,,AWS WAF Clients Left Vulnerable to SQL Injection Due to Unorthodox MSSQL Design Choice,https://www.gosecure.net/blog/2023/06/21/aws-waf-clients-left-vulnerable-to-sql-injection-due-to-unorthodox-mssql-design-choice/
2023,Other nominations,,BingBang: AAD misconfiguration led to Bing.com results manipulation and account takeover,https://www.wiz.io/blog/azure-active-directory-bing-misconfiguration
2023,Other nominations,,MyBB Admin Panel RCE CVE-2023-41362,https://blog.sorcery.ie/posts/mybb_acp_rce/
2023,Other nominations,,Source Code at Risk: Critical Code Vulnerability in CI/CD Platform TeamCity,https://www.sonarsource.com/blog/teamcity-vulnerability/
2023,Other nominations,,Code Vulnerabilities Put Skiff Emails at Riskr,https://www.sonarsource.com/blog/code-vulnerabilities-put-skiff-emails-at-risk/
2023,Other nominations,,How to break SAML if I have paws?,https://speakerdeck.com/greendog/how-to-break-saml-if-i-have-paws
2023,Other nominations,,JMX Exploitation Revisited,https://codewhitesec.blogspot.com/2023/03/jmx-exploitation-revisited.html
2023,Other nominations,,Java Exploitation Restrictions in Modern JDK Times,https://codewhitesec.blogspot.com/2023/04/java-exploitation-restrictions-in.html
2023,Other nominations,,"Unserializable, but unreachable: Remote code execution on vBulletin",https://www.ambionics.io/blog/vbulletin-unserializable-but-unreachable
2023,Other nominations,,Cookieless DuoDrop: IIS Auth Bypass & App Pool Privesc in ASP.NET Framework,https://soroush.me/blog/cookieless-duodrop-iis-auth-bypass-app-pool-privesc-in-asp-net-framework-cve-2023-36899
2023,Other nominations,,Hunting for Nginx Alias Traversals in the wild,https://labs.hakaioffsec.com/nginx-alias-traversal/
2023,Other nominations,,DNS Analyzer - Finding DNS vulnerabilities with Burp Suite,https://sec-consult.com/blog/detail/dns-analyzer-finding-dns-vulnerabilities-with-burp-suite/
2023,Other nominations,,Oh-Auth - Abusing OAuth to take over millions of accounts,https://salt.security/blog/oh-auth-abusing-oauth-to-take-over-millions-of-accounts
2023,Other nominations,,nOAuth: How Microsoft OAuth Misconfiguration Can Lead to Full Account Takeover,https://www.descope.com/blog/post/noauth
2023,Other nominations,,One Scheme to Rule Them All: OAuth Account Takeover,https://blog.ostorlab.co/one-scheme-to-rule-them-all.html
2023,Other nominations,,New ways of breaking app-integrated LLMs,https://github.com/greshake/llm-security
2023,Other nominations,,State of DNS Rebinding in 2023,https://research.nccgroup.com/2023/04/27/state-of-dns-rebinding-in-2023/
2023,Other nominations,,Fileless Remote Code Execution on Juniper Firewalls,https://vulncheck.com/blog/juniper-cve-2023-36845
2023,Other nominations,,Thirteen Years On: Advancing the Understanding of IIS Short File Name (SFN) Disclosure!,https://soroush.me/blog/thirteen-years-on-advancing-the-understanding-of-iis-short-file-name-sfn-disclosure
2023,Other nominations,,Metamask Snaps: Playing in the Sand,https://osec.io/blog/2023-11-01-metamask-snaps
2023,Other nominations,,Uncovering a crazy privilege escalation from Chrome extensions,https://0x44.xyz/blog/cve-2023-4369/index.html
2023,Other nominations,,Code Vulnerabilities Put Proton Mails at Risk,https://www.sonarsource.com/blog/code-vulnerabilities-leak-emails-in-proton-mail/?utm_source=twitter&utm_medium=social&utm_campaign=protonmail&utm_content=security&utm_term=mofu
2023,Other nominations,,Hacking into gRPC-Web,https://infosecwriteups.com/hacking-into-grpc-web-a54053757a45
2023,Other nominations,,Yelp ATO via XSS + Cookie Bridge,https://hackerone.com/reports/2089042
2023,Other nominations,,XSS in GMAIL Dynamic Email,https://asdqw3.medium.com/xss-in-gmail-dynamic-email-amp-for-email-3872d6052a0d
2023,Other nominations,,Azure B2C Crypto Misuse and Account Compromise,https://www.praetorian.com/blog/azure-b2c-crypto-misuse-and-account-compromise/
2023,Other nominations,,Compromising F5 BIGIP with Request Smuggling,https://www.praetorian.com/blog/refresh-compromising-f5-big-ip-with-request-smuggling-cve-2023-46747/
2023,Other nominations,,EmojiDeploy: Smile! Your Azure web service just got RCE’d,https://ermetic.com/blog/azure/emojideploy-smile-your-azure-web-service-just-got-rced/
2023,Other nominations,,One Supply Chain Attack to Rule Them All,https://adnanthekhan.com/2023/12/20/one-supply-chain-attack-to-rule-them-all/
2023,Other nominations,,draw.io CVEs,https://lude.rs/h4ck1ng/draw.io_cves.html
2023,Other nominations,,"Leaking Secrets From GitHub Actions: Reading Files And Environment Variables, Intercepting Network/Process Communication, Dumping Memory",https://karimrahal.com/2023/01/05/github-actions-leaking-secrets/
2023,Other nominations,,fuzzuli,https://github.com/musana/fuzzuli
2023,Other nominations,,The GitHub Actions Worm: Compromising GitHub Repositories Through the Actions Dependency Tree,https://www.paloaltonetworks.com/blog/prisma-cloud/github-actions-worm-dependencies/
2023,Other nominations,,From an Innocent Client-Side Path Traversal to Account Takeover,https://kapytein.nl/from-an-innocent-client-side-path-traversal-to-account-takeover
2023,Other nominations,,tRPC Security Research: Hunting for Vulnerabilities in Modern APIs,https://medium.com/@LogicalHunter/trpc-security-research-hunting-for-vulnerabilities-in-modern-apis-b0d38e06fa71
2023,Other nominations,,Chained to hit: Discovering new vectors to gain remote and root access in SAP Enterprise Software,https://i.blackhat.com/BH-US-23/Presentations/US-23-Genuer-chained-to-hit-discovering-new-vectors-to-gain-remote-and-root-access-in-sap-enterprise-software-wp.pdf
2023,Other nominations,,AWS WAF Bypass: invalid JSON object and unicode escape sequences,https://blog.sicuranext.com/aws-waf-bypass/
2023,Other nominations,,Memcached Command Injections at Pylibmc,https://btlfry.gitlab.io/notes/posts/memcached-command-injections-at-pylibmc/
2023,Top 10,#1,Smashing the state machine: the true potential of web race conditions,https://portswigger.net/research/smashing-the-state-machine
2023,Top 10,#2,Exploiting Hardened .NET Deserialization,https://github.com/thezdi/presentations/blob/main/2023_Hexacon/whitepaper-net-deser.pdf
2023,Top 10,#3,SMTP Smuggling - Spoofing E-Mails Worldwide,https://sec-consult.com/blog/detail/smtp-smuggling-spoofing-e-mails-worldwide/
2023,Top 10,#4,PHP filter chains: file read from error-based oracle,https://www.synacktiv.com/publications/php-filter-chains-file-read-from-error-based-oracle
2023,Top 10,#5,Exploiting HTTP Parsers Inconsistencies,https://rafa.hashnode.dev/exploiting-http-parsers-inconsistencies
2023,Top 10,#6,HTTP Request Splitting vulnerabilities exploitation,https://offzone.moscow/upload/iblock/11a/sagouc86idiapdb8f29w41yaupqv6fwv.pdf
2023,Top 10,#7,"How I Hacked Microsoft Teams and got $150,000 in Pwn2Own",https://speakerdeck.com/masatokinugawa/how-i-hacked-microsoft-teams-and-got-150000-dollars-in-pwn2own
2023,Top 10,#8,From Akamai to F5 to NTLM... with love.,https://blog.malicious.group/from-akamai-to-f5-to-ntlm/
2023,Top 10,#9,Cookie Crumbles: Breaking and Fixing Web Session Integrity,https://www.usenix.org/conference/usenixsecurity23/presentation/squarcina
2023,Top 10,#10,can I speak to your manager? hacking root EPP servers to take control of zones,https://hackcompute.com/hacking-epp-servers/
2024,Missed from the original list,,SnailLoad: Exploiting Remote Network Latency Measurements without JavaScript,https://www.usenix.org/conference/usenixsecurity24/presentation/gast
2024,Missed from the original list,,Generic and Automated Drive-by GPU Cache Attacks from the Browser,https://www.rolandczerny.com/publications/2024-webgpu/
2024,Missed from the original list,,Web Platform Threats: Automated Detection of Web Security Issues With WPT,https://www.usenix.org/conference/usenixsecurity24/presentation/bernardo
2024,Missed from the original list,,CDN Cannon: Exploiting CDN Back-to-Origin Strategies for Amplification Attacks,https://www.usenix.org/conference/usenixsecurity24/presentation/lin-ziyu
2024,Missed from the original list,,GHunter: Universal Prototype Pollution Gadgets in JavaScript Runtimes,https://www.usenix.org/conference/usenixsecurity24/presentation/cornelissen
2024,Missed from the original list,,Argus: All your (PHP) Injection-sinks are belong to us,https://www.usenix.org/conference/usenixsecurity24/presentation/jahanshahi
2024,Missed from the original list,,A Flushing Attack on the DNS Cache,https://www.usenix.org/conference/usenixsecurity24/presentation/afek
2024,Missed from the original list,,Pixel Thief: Exploiting SVG Filter Leakage in Firefox and Chrome,https://www.usenix.org/conference/usenixsecurity24/presentation/oconnell
2024,Missed from the original list,,Internet's Invisible Enemy: Detecting and Measuring Web Cache Poisoning in the Wild,https://doi.org/10.1145/3658644.3690361
2024,Missed from the original list,,Vulnerability-oriented Testing for RESTful APIs,https://www.usenix.org/conference/usenixsecurity24/presentation/du
2024,Missed from the original list,,Peeking through the window: Fingerprinting Browser Extensions through Page-Visible Execution Traces and Interactions,https://doi.org/10.1145/3658644.3670339
2024,Missed from the original list,,FuzzCache: Optimizing Web Application Fuzzing Through Software-Based Data Cache,https://zhangmx1997.github.io/papers/ccs24_fuzzcache.pdf
2024,Missed from the original list,,ReactAppScan: Mining React Application Vulnerabilities via Component Graph,https://www.yinzhicao.org/reactappscan/reactappscan.pdf
2024,Missed from the original list,,AuthSaber: Automated Safety Verification of OpenID Connect Programs,https://ucla-sec-lab.netlify.app/publication/2024-authsaber/
2024,Missed from the original list,,Spider-Scents: Grey-box Database-aware Web Scanning for Stored XSS,https://www.usenix.org/conference/usenixsecurity24/presentation/olsson
2024,Missed from the original list,,Rise of Inspectron: Automated Black-box Auditing of Cross-platform Electron Apps,https://www.usenix.org/conference/usenixsecurity24/presentation/ali
2024,Missed from the original list,,Arcanum: Detecting and Evaluating the Privacy Risks of Browser Extensions on Web Pages and Web Content,https://www.usenix.org/conference/usenixsecurity24/presentation/xie-qinge
2024,Missed from the original list,,Introducing the URL Validation Bypass Cheat Sheet,https://portswigger.net/research/introducing-the-url-validation-bypass-cheat-sheet
2024,Missed from the original list,,Fickle PDFs: exploiting browser rendering discrepancies,https://portswigger.net/research/fickle-pdfs-exploiting-browser-rendering-discrepancies
2024,Missed from the original list,,Concealing payloads in URL credentials,https://portswigger.net/research/concealing-payloads-in-url-credentials
2024,Missed from the original list,,Introducing SignSaboteur: forge signed web tokens with ease,https://portswigger.net/research/introducing-signsaboteur-forge-signed-web-tokens-with-ease
2024,Missed from the original list,,Leaking ObjRefs to Exploit HTTP .NET Remoting,https://code-white.com/blog/leaking-objrefs-to-exploit-http-dotnet-remoting/
2024,Missed from the original list,,CVE-2024-4577 - Yet Another PHP RCE: Make PHP-CGI Argument Injection Great Again!,https://blog.orange.tw/posts/2024-06-cve-2024-4577-yet-another-php-rce/
2024,Missed from the original list,,We Spent $20 To Achieve RCE And Accidentally Became The Admins Of .MOBI,https://labs.watchtowr.com/we-spent-20-to-achieve-rce-and-accidentally-became-the-admins-of-mobi/
2024,Other nominations,,Gotta cache 'em all: bending the rules of web cache exploitation,https://portswigger.net/research/gotta-cache-em-all
2024,Other nominations,,Splitting the email atom: exploiting parsers to bypass access controls,https://portswigger.net/research/splitting-the-email-atom
2024,Other nominations,,Listen to the whispers: web timing attacks that actually work,https://portswigger.net/research/listen-to-the-whispers-web-timing-attacks-that-actually-work
2024,Other nominations,,Insecurity through Censorship: Vulnerabilities Caused by The Great Firewall,https://www.assetnote.io/resources/research/insecurity-through-censorship-vulnerabilities-caused-by-the-great-firewall
2024,Other nominations,,Bypassing WAFs with the phantom $Version cookie,https://portswigger.net/research/bypassing-wafs-with-the-phantom-version-cookie
2024,Other nominations,,Why Code Security Matters - Even in Hardened Environments,https://www.sonarsource.com/blog/why-code-security-matters-even-in-hardened-environments/
2024,Other nominations,,Remote Code Execution with Spring Properties,https://srcincite.io/blog/2024/11/25/remote-code-execution-with-spring-properties.html
2024,Other nominations,,Bench Press: Leaking Text Nodes with CSS,https://blog.pspaul.de/posts/bench-press-leaking-text-nodes-with-css/
2024,Other nominations,,Source Code Disclosure in ASP.NET apps,https://swarm.ptsecurity.com/source-code-disclosure-in-asp-net-apps/
2024,Other nominations,,http-garden: Differential fuzzing REPL for HTTP implementations.,https://github.com/narfindustries/http-garden
2024,Other nominations,,plORMbing your Prisma ORM with Time-based Attacks,https://www.elttam.com/blog/plorming-your-primsa-orm/
2024,Other nominations,,Introducing lightyear: a new way to dump PHP files,https://www.ambionics.io/blog/lightyear-file-dump
2024,Other nominations,,The Ruby on Rails _json Juggling Attack,https://nastystereo.com/security/rails-_json-juggling-attack.html
2024,Other nominations,,Encoding Differentials: Why Charset Matters,https://www.sonarsource.com/blog/encoding-differentials-why-charset-matters/
2024,Other nominations,,A Race to the Bottom - Database Transactions Undermining Your AppSec,https://blog.doyensec.com/2024/07/11/database-race-conditions.html
2024,Other nominations,,Response Filter Denial of Service (RFDoS): shut down a website by triggering WAF rule,https://blog.sicuranext.com/response-filter-denial-of-service-a-new-way-to-shutdown-a-website/
2024,Other nominations,,Devfile file write vulnerability in GitLab,https://gitlab-com.gitlab.io/gl-security/security-tech-notes/security-research-tech-notes/devfile/
2024,Other nominations,,Breaking Down Multipart Parsers: File upload validation bypass,https://blog.sicuranext.com/breaking-down-multipart-parsers-validation-bypass/
2024,Other nominations,,Supply Chain Attacks: A New Era,https://osec.io/blog/2024-06-10-supply-chain-attacks-a-new-era
2024,Other nominations,,Abusing Intended Feature And Bypassing Facial Recognition.pptx,https://docs.google.com/presentation/d/16mvSEvpnNYrYcJe4XA_Nwd9OwEuf4UTE/edit?usp=sharing&ouid=101230982661442785272&rtpof=true&sd=true
2024,Other nominations,,"Arc Browser UXSS, Local File Read, Arbitrary File Creation and Path Traversal to RCE",https://medium.com/@renwa/arc-browser-uxss-local-file-read-arbitrary-file-creation-and-path-traversal-to-rce-b439f2a299d1
2024,Other nominations,,"Beyond the Limit: Expanding single-packet race condition with a first sequence sync for breaking the 65,535 byte limit",https://flatt.tech/research/posts/beyond-the-limit-expanding-single-packet-race-condition-with-first-sequence-sync/
2024,Other nominations,,HTTP/2 CONTINUATION Flood: Technical Details,https://nowotarski.info/http2-continuation-flood-technical-details/
2024,Other nominations,,Exploring Javascript events & Bypassing WAFs via character normalization,https://0x999.net/blog/exploring-javascript-events-bypassing-wafs-via-character-normalization
2024,Other nominations,,From Arbitrary File Write to RCE in Restricted Rails apps,https://blog.convisoappsec.com/en/from-arbitrary-file-write-to-rce-in-restricted-rails-apps/
2024,Other nominations,,Go Go XSS Gadgets: Chaining a DOM Clobbering Exploit in the Wild,https://buer.haus/2024/02/23/go-go-xss-gadgets-chaining-a-dom-clobbering-exploit-in-the-wild/
2024,Other nominations,,Statamic CMS,https://bastionsecurity.co.nz/advisories/statamic-cms-cve-2024-52600.html
2024,Other nominations,,Exploiting Number Parsers in JavaScript,https://logicalhunter.me/exploiting-number-parsers-in-javascript/
2024,Other nominations,,Cross Window Forgery: A New Class of Web Attack,https://www.paulosyibelo.com/2024/02/cross-window-forgery-web-attack-vector.html?m=1
2024,Other nominations,,Exploiting Client-Side Path Traversal to Perform Cross-Site Request Forgery - Introducing CSPT2CSRF,https://blog.doyensec.com/2024/07/02/cspt2csrf.html
2024,Other nominations,,Class Pollution in Ruby: A Deep Dive into Exploiting Recursive Merges,https://blog.doyensec.com/2024/10/02/class-pollution-ruby.html
2024,Other nominations,,Unveiling the Prototype Pollution Gadgets Finder,https://blog.doyensec.com/2024/02/17/server-side-prototype-pollution-Gadgets-scanner.html
2024,Other nominations,,Break the Wall from Bottom: Automated Discovery of Protocol-Level Evasion Vulnerabilities in Web Application Firewalls,https://www.jianjunchen.com/p/wafmanis.sp24.pdf
2024,Other nominations,,Old new email attacks,https://blog.slonser.info/posts/email-attacks/
2024,Other nominations,,CVE-2023-5480: Chrome new XSS Vector,https://blog.slonser.info/posts/cve-2023-5480/
2024,Other nominations,,Wormable XSS www.bing.com. XSS on www.bing.com context via Maps…,https://medium.com/@pedbap/wormable-xss-www-bing-com-7d7cb52e7a12
2024,Other nominations,,Another vision for SSRF,https://gccybermonks.com/posts/ssrfvision/
2024,Other nominations,,Lost in Translation - WAF Bypasses By Abusing Data Manipulation Processes,https://docs.google.com/presentation/d/1jW0o1YO3FNXlXVkAziM_wSGQqRdLP2kmfoBb6mF1bGY/edit?usp=sharing
2024,Other nominations,,Piloting Edge Copilot,https://speakerdeck.com/shhnjk/piloting-edge-copilot
2024,Other nominations,,POST to XSS: Leveraging Pseudo Protocols to Gain JavaScript Evaluation in SSO Flows,https://security.lauritz-holtmann.de/post/sso-security-redirect-uri-iii/
2024,Other nominations,,Bypassing CSP via URL Parser Confusions: XSS on Netlify’s Image CDN,https://sudistark.github.io/2024/08/31/bypassing-csp-via-url-parser-confusions-xss-on-netlify-s-image-cdn.html
2024,Other nominations,,"Iconv, set the charset to RCE: Exploiting the glibc to hack the PHP engine",https://www.ambionics.io/blog/iconv-cve-2024-2961-p3
2024,Other nominations,,"Zoom Session Takeover - Cookie Tossing Payloads, OAuth Dirty Dancing, Browser Permissions Hijacking, and WAF abuse",https://nokline.github.io/bugbounty/2024/06/07/Zoom-ATO.html
2024,Other nominations,,Unveiling Rhino’s Blind Spot: Exploiting Custom Code Execution in Apigee,https://codesent.io/blog/code-sentinels-1/discovering-rhinos-blind-spot-1
2024,Other nominations,,NetModule Router Software Race Condition Leads to Remote Code Execution,https://pentest.blog/advisory-netmodule-router-software-race-condition-leads-to-remote-code-execution/
2024,Other nominations,,Excessive Expansion: Uncovering Critical Security Vulnerabilities in Jenkins,https://www.sonarsource.com/blog/excessive-expansion-uncovering-critical-security-vulnerabilities-in-jenkins/
2024,Other nominations,,Joomla: PHP Bug Introduces Multiple XSS Vulnerabilities,https://www.sonarsource.com/blog/joomla-multiple-xss-vulnerabilities/
2024,Other nominations,,Gudifu: Guided Differential Fuzzing for HTTP Request Parsing Discrepancies,https://raid2024.github.io/papers/raid2024-14.pdf
2024,Other nominations,,MSSQL Identified as Vulnerable to Emoji String Exploitation,https://decrypt.lol/posts/2024/11/29/mssql-identified-as-vulnerable-to-emoji-string-exploitation/
2024,Other nominations,,Ruby 3.4 Universal RCE Deserialization Gadget Chain,https://nastystereo.com/security/ruby-3.4-deserialization.html
2024,Other nominations,,CVE-2024-50603: Aviatrix Network Controller Command Injection Vulnerability,https://www.securing.pl/en/cve-2024-50603-aviatrix-network-controller-command-injection-vulnerability
2024,Other nominations,,CORS vulnerabilities: Weaponizing permissive CORS configurations,https://outpost24.com/blog/exploiting-permissive-cors-configurations/
2024,Other nominations,,Attacking PowerShell CLIXML Deserialization,https://www.truesec.com/hub/blog/attacking-powershell-clixml-deserialization
2024,Other nominations,,Ruby-SAML / GitLab Authentication Bypass (CVE-2024-45409),https://projectdiscovery.io/blog/ruby-saml-gitlab-auth-bypass
2024,Other nominations,,World of SELECT-only PostgreSQL Injections,https://phrack.org/issues/71/8#article
2024,Other nominations,,Hacking Giants Through a Race Condition in GitHub Actions Artifacts,https://unit42.paloaltonetworks.com/github-repo-artifacts-leak-tokens/
2024,Other nominations,,Hacking Millions of Modems (and Investigating Who Hacked My Modem),https://samcurry.net/hacking-millions-of-modems
2024,Other nominations,,Exploiting the Unexploitable Insights from the Kibana Bug Bounty,https://media.defcon.org/DEF%20CON%2032/DEF%20CON%2032%20presentations/DEF%20CON%2032%20-%20Mikhail%20Shcherbakov%20-%20Exploiting%20the%20Unexploitable%20Insights%20from%20the%20Kibana%20Bug%20Bounty.pdf
2024,Other nominations,,Teaching the Old .NET Remoting New Exploitation Tricks,https://code-white.com/blog/teaching-the-old-net-remoting-new-exploitation-tricks/
2024,Other nominations,,Efficient Detection of Java Deserialization Gadget Chains via Bottom-up Gadget Search and Dataflow-aided Payload Construction,https://secsys.fudan.edu.cn/_upload/article/files/8a/3c/d8d0e5a142dbbfaa39a58edc76b0/88ab6956-5447-4e4c-8ad8-6785c3fec057.pdf
2024,Other nominations,,Undefined-oriented Programming: Detecting and Chaining Prototype Pollution Gadgets in Node.js Template Engines for Malicious Consequences,https://yinzhicao.org/UoP/UoP-Oakland.pdf
2024,Other nominations,,JNDI Injection Remote Code Execution via Path Manipulation in MemoryUserDatabaseFactory,https://srcincite.io/blog/2024/07/21/jndi-injection-rce-via-path-manipulation-in-memoryuserdatabasefactory.html
2024,Other nominations,,GitHub Actions exploitation: untrusted input,https://www.synacktiv.com/publications/github-actions-exploitation-untrusted-input
2024,Other nominations,,a-deep-dive-into-openapi-security.pdf,https://0xpwn.wordpress.com/wp-content/uploads/2024/09/a-deep-dive-into-openapi-security.pdf
2024,Other nominations,,Secret Web Hacking Knowledge: CTF Authors Hate These Simple Tricks,https://www.youtube.com/watch?v=Sm4G6cAHjWM&feature=youtu.be
2024,Other nominations,,Facebook Messenger Bug Hunting - A Bug's E2E Lifecycle,https://www.youtube.com/watch?v=M_QPvazEii0
2024,Other nominations,,Android Exploit to RCE: $5000 Bounty,https://blog.voorivex.team/from-an-android-hook-to-rce-5000-bounty
2024,Other nominations,,XSS Vulnerabilities in Excalidraw Affecting Meta (CVE-2024-32472),https://elmahdi4.wordpress.com/2024/10/25/xss-vulnerabilities-in-excalidraw-affecting-meta-cve-2024-32472/
2024,Other nominations,,"1 bug, $50,000+ in bounties, how Zendesk intentionally left a backdoor in hundreds of Fortune 500 companies",https://gist.github.com/hackermondev/68ec8ed145fcee49d2f5e2b9d2cf2e52
2024,Other nominations,,Hacking Kia: Remotely Controlling Cars With Just a License Plate,https://samcurry.net/hacking-kia
2024,Other nominations,,Using YouTube to steal your files Ʊ,https://lyra.horse/blog/2024/09/using-youtube-to-steal-your-files/
2024,Other nominations,,Bidding Like a Billionaire - Stealing NFTs With 4-Char CSTIs,https://matanber.com/blog/4-char-csti
2024,Other nominations,,Chaining Three Bugs to Access All Your ServiceNow Data,https://www.assetnote.io/resources/research/chaining-three-bugs-to-access-all-your-servicenow-data
2024,Other nominations,,Universal Code Execution by Chaining Messages in Browser Extensions,https://spaceraccoon.dev/universal-code-execution-browser-extensions/
2024,Other nominations,,"Leaking Jupyter instance auth token chaining CVE-2023-39968, CVE-2024-22421 and a chromium bug",https://blog.xss.am/2023/08/cve-2023-39968-jupyter-token-leak/
2024,Other nominations,,Next.js and cache poisoning: a quest for the black hole,https://zhero-web-sec.github.io/research-and-things/nextjs-and-cache-poisoning-a-quest-for-the-black-hole
2024,Other nominations,,Bypassing WAFs to Exploit CSPT Using Encoding Levels,https://matanber.com/blog/cspt-levels
2024,Other nominations,,You can't securely execute commands on Windows,https://flatt.tech/research/posts/batbadbut-you-cant-securely-execute-commands-on-windows/
2024,Other nominations,,XSS using dirty Content Type in cloud era,https://speakerdeck.com/flatt_security/xss-using-dirty-content-type-in-cloud-era?slide=21
2024,Other nominations,,Hello Lucee! Let us hack Apple again?,https://projectdiscovery.io/blog/hello-lucee-let-us-hack-apple-again
2024,Other nominations,,Rook to XSS: How I hacked chess.com with a rookie exploit,https://skii.dev/rook-to-xss/
2024,Other nominations,,Back to the (Clip)board with Microsoft Whiteboard and Excalidraw in Meta (CVE-2023-26140),https://spaceraccoon.dev/clipboard-microsoft-whiteboard-excalidraw-meta/
2024,Other nominations,,SMTP Smuggling - Spoofing E-Mails Worldwide,https://sec-consult.com/blog/detail/smtp-smuggling-spoofing-e-mails-worldwide/
2024,Other nominations,,Cloudflare Pagesにおける権限昇格と任意ページの改竄,https://blog.ryotak.net/post/cloudflare-pages-privesc-and-page-tampering/
2024,Other nominations,,Half Measures and Full Compromise: Exploiting Microsoft Exchange PowerShell Remoting,https://chudypb.github.io/exchange-powershell.html
2024,Other nominations,,SOQL injection,https://www.securitum.com/soql_injection__how_to_exfiltrate_sensitive_data_in_real-world_pentests.html
2024,Other nominations,,Few steps on how to take over a whole application,https://www.securitum.com/few_steps_on_how_to_take_over_a_whole_application.html
2024,Other nominations,,Crashing servers with digits,https://www.securitum.com/crashing_servers_with_digits.html
2024,Other nominations,,User info extraction abusing placeholder injection in Zendesk,https://rikeshbaniya.medium.com/tale-of-zendesk-0-day-and-a-potential-25k-bounty-61bcf9c5dc06
2024,Other nominations,,Authorization bypass due to cache misconfiguration,https://rikeshbaniya.medium.com/authorization-bypass-due-to-cache-misconfiguration-fde8b2332d2d
2024,Other nominations,,Dancer in the Dark: Synthesizing and Evaluating Polyglots for Blind Cross-Site Scripting,https://www.usenix.org/conference/usenixsecurity24/presentation/kirchner
2024,Other nominations,,"Parse Me, Baby, One More Time: Bypassing HTML Sanitizer via Parsing Differentials",https://www.ias.cs.tu-bs.de/publications/parsing_differentials.pdf
2024,Other nominations,,MongoDB NoSQL Injection with Aggregation Pipelines,https://soroush.me/blog/mongodb-nosql-injection-with-aggregation-pipelines
2024,Other nominations,,Delinea Protocol Handler - Remote Code Execution via Update Process (CVE-2024-12908),https://blog.amberwolf.com/blog/2024/december/cve-2024-12908-delinea-protocol-handler---remote-code-execution-via-update-process/
2024,Other nominations,,Anyone can Access Deleted and Private Repository Data on GitHub,https://trufflesecurity.com/blog/anyone-can-access-deleted-and-private-repo-data-github
2024,Other nominations,,plORMbing your Django ORM,https://www.elttam.com/blog/plormbing-your-django-orm/
2024,Other nominations,,Abusing Arbitrary File Deletes to Escalate Privilege and Other Great Tricks,https://www.zerodayinitiative.com/blog/2022/3/16/abusing-arbitrary-file-deletes-to-escalate-privilege-and-other-great-tricks
2024,Other nominations,,GHSL-2024-312: Arbitrary code execution and secret exfiltration in Azure API Management Developer Portal,https://securitylab.github.com/advisories/GHSL-2024-312_Azure_API_Management_Developer_Portal/
2024,Other nominations,,How an obscure PHP footgun led to RCE in Craft CMS,https://www.assetnote.io/resources/research/how-an-obscure-php-footgun-led-to-rce-in-craft-cms
2024,Other nominations,,Zero Day Initiative — SolarWinds Access Rights Manager: One Vulnerability to LPE Them All,https://www.zerodayinitiative.com/blog/2024/12/11/solarwinds-access-rights-manager-one-vulnerability-to-lpe-them-all
2024,Other nominations,,Databricks JDBC Attack via JAAS,https://blog.pyn3rd.com/2024/12/13/Databricks-JDBC-Attack-via-JAAS/
2024,Other nominations,,Gem::SafeMarshal escape,https://nastystereo.com/security/ruby-safe-marshal-escape.html
2024,Other nominations,,Tyranid's Lair: Working your way Around an ACL,https://www.tiraniddo.dev/2024/06/working-your-way-around-acl.html
2024,Other nominations,,CVE-2023–50220 — Inductive Automation Ignition XML Deserialization to RCE,https://petrusviet.medium.com/cve-2023-50220-inductive-automation-ignition-xml-deserialization-to-rce-7b395412c6cf
2024,Other nominations,,Exploiting Exchange PowerShell After ProxyNotShell: Part 1 - MultiValuedProperty,https://www.zerodayinitiative.com/blog/2024/9/4/exploiting-exchange-powershell-after-proxynotshell-part-1-multivaluedproperty
2024,Other nominations,,A New Attack Interface In Java Application,https://i.blackhat.com/Asia-23/AS-23-Yuanzhen-A-new-attack-interface-in-Java.pdf
2024,Top 10,#1,Confusion Attacks: Exploiting Hidden Semantic Ambiguity in Apache HTTP Server!,https://blog.orange.tw/posts/2024-08-confusion-attacks-en/
2024,Top 10,,SQL Injection Isn't Dead: Smuggling Queries at the Protocol Level,https://media.defcon.org/DEF%20CON%2032/DEF%20CON%2032%20presentations/DEF%20CON%2032%20-%20Paul%20Gerste%20-%20SQL%20Injection%20Isn%27t%20Dead%20Smuggling%20Queries%20at%20the%20Protocol%20Level.pdf
2024,Top 10,#3,Unveiling TE.0 HTTP Request Smuggling: Discovering a Critical Vulnerability in Thousands of Google Cloud Websites,https://www.bugcrowd.com/blog/unveiling-te-0-http-request-smuggling-discovering-a-critical-vulnerability-in-thousands-of-google-cloud-websites/
2024,Top 10,#4,WorstFit: Unveiling Hidden Transformers in Windows ANSI!,https://blog.orange.tw/posts/2025-01-worstfit-unveiling-hidden-transformers-in-windows-ansi/
2024,Top 10,#5,Exploring the DOMPurify library: Bypasses and Fixes,https://mizu.re/post/exploring-the-dompurify-library-bypasses-and-fixes
2024,Top 10,#6,DoubleClickjacking: A New Era of UI Redressing,http://paulosyibelo.com/2024/12/doubleclickjacking-what.html
2024,Top 10,#7,CVE-2024-4367 - Arbitrary JavaScript execution in PDF.js,https://codeanlabs.com/blog/research/cve-2024-4367-arbitrary-js-execution-in-pdf-js/
2024,Top 10,#8,OAuth Non-Happy Path to ATO,https://blog.voorivex.team/oauth-non-happy-path-to-ato
2024,Top 10,#9,ChatGPT Account Takeover - Wildcard Web Cache Deception,https://nokline.github.io/bugbounty/2024/02/04/ChatGPT-ATO.html
2024,Top 10,#10,Hijacking OAUTH flows via Cookie Tossing,https://snyk.io/articles/hijacking-oauth-flows-via-cookie-tossing/
2025,Missed from the original list,,My ZIP isn't your ZIP: Identifying and Exploiting Semantic Gaps Between ZIP Parsers,https://www.usenix.org/conference/usenixsecurity25/presentation/you
2025,Missed from the original list,,STEK Sharing is Not Caring: Bypassing TLS Authentication in Web Servers using Session Tickets,https://www.usenix.org/conference/usenixsecurity25/presentation/hebrok
2025,Missed from the original list,,Cascading Spy Sheets: Exploiting the Complexity of Modern CSS for Email and Browser Fingerprinting,https://www.ndss-symposium.org/ndss-paper/cascading-spy-sheets-exploiting-the-complexity-of-modern-css-for-email-and-browser-fingerprinting/
2025,Missed from the original list,,Automatic Insecurity: Exploring Email Auto-configuration in the Wild,https://www.ndss-symposium.org/ndss-paper/automatic-insecurity-exploring-email-auto-configuration-in-the-wild/
2025,Missed from the original list,,Posthammer: Pervasive Browser-based Rowhammer Attacks with Postponed Refresh Commands,https://www.usenix.org/conference/usenixsecurity25/presentation/de-ridder
2025,Missed from the original list,,EvoCrawl: Exploring Web Application Code and State using Evolutionary Search,https://www.ndss-symposium.org/ndss-paper/evocrawl-exploring-web-application-code-and-state-using-evolutionary-search/
2025,Missed from the original list,,SAML roulette: the hacker always wins,https://portswigger.net/research/saml-roulette-the-hacker-always-wins
2025,Missed from the original list,,RaceDB: Detecting Request Race Vulnerabilities in Database-Backed Web Applications,https://doi.org/10.1109/SP61157.2025.00029
2025,Missed from the original list,,NodeMedic-FINE: Automatic Detection and Exploit Synthesis for Node.js Vulnerabilities,https://www.ndss-symposium.org/ndss-paper/nodemedic-fine-automatic-detection-and-exploit-synthesis-for-node-js-vulnerabilities/
2025,Missed from the original list,,Cross-Origin Web Attacks via HTTP/2 Server Push and Signed HTTP Exchange,https://www.ndss-symposium.org/ndss-paper/cross-origin-web-attacks-via-http-2-server-push-and-signed-http-exchange/
2025,Missed from the original list,,Do (Not) Follow the White Rabbit: Challenging the Myth of Harmless Open Redirection,https://www.ndss-symposium.org/ndss-paper/do-not-follow-the-white-rabbit-challenging-the-myth-of-harmless-open-redirection/
2025,Missed from the original list,,Phishing Attacks against Password Manager Browser Extensions,https://www.usenix.org/conference/usenixsecurity25/presentation/anliker
2025,Missed from the original list,,Universal Cross-app Attacks: Exploiting and Securing OAuth 2.0 in Integration Platforms,https://www.usenix.org/conference/usenixsecurity25/presentation/luo-kaixuan
2025,Missed from the original list,,Cloudflare Image Proxy as a CSPT Gadget: A Cross-Origin CSPT Exploit,https://blog.voorivex.team/cloudflare-image-proxy-as-a-cspt-gadget-a-cross-origin-cspt-exploit
2025,Missed from the original list,,RebirthDay Attack: Reviving DNS Cache Poisoning with the Birthday Paradox,https://doi.org/10.1145/3719027.3744832
2025,Missed from the original list,,Styled to Steal: The Overlooked Attack Surface in Email Clients,https://doi.org/10.1145/3719027.3765189
2025,Missed from the original list,,"8 Million Requests Later, We Made The SolarWinds Supply Chain Attack Look Amateur",https://labs.watchtowr.com/8-million-requests-later-we-made-the-solarwinds-supply-chain-attack-look-amateur/
2025,Other nominations,,HTTP/1.1 must die: the desync endgame,https://portswigger.net/research/http1-must-die
2025,Other nominations,,Eclipse on Next.js: Conditioned exploitation of an intended race-condition,https://zhero-web-sec.github.io/research-and-things/eclipse-on-nextjs-conditioned-exploitation-of-an-intended-race-condition
2025,Other nominations,,Unexpected security footguns in Go's parsers,https://blog.trailofbits.com/2025/06/17/unexpected-security-footguns-in-gos-parsers/
2025,Other nominations,,Under the Beamer,https://mizu.re/post/under-the-beamer
2025,Other nominations,,Opossum Attack,https://opossum-attack.com/
2025,Other nominations,,The Fragile Lock: Novel Bypasses For SAML Authentication,https://portswigger.net/research/the-fragile-lock
2025,Other nominations,,Finding an unseen SQL Injection by bypassing escape functions in mysqljs/mysql,https://flattsecurity.medium.com/finding-an-unseen-sql-injection-by-bypassing-escape-functions-in-mysqljs-mysql-90b27f6542b4
2025,Other nominations,,Prepared Statements? Prepared to Be Vulnerable.,https://blog.mantrainfosec.com/blog/18/prepared-statements-prepared-to-be-vulnerable
2025,Other nominations,,Funky chunks: abusing ambiguous chunk line terminators for request smuggling,https://w4ke.info/2025/06/18/funky-chunks.html
2025,Other nominations,,Funky chunks – addendum: a few more dirty tricks,https://w4ke.info/2025/10/29/funky-chunks-2.html
2025,Other nominations,,Cross-Site WebSocket Hijacking Exploitation in 2025,https://blog.includesecurity.com/2025/04/cross-site-websocket-hijacking-exploitation-in-2025/
2025,Other nominations,,SVG Filters - Clickjacking 2.0,https://lyra.horse/blog/2025/12/svg-clickjacking/
2025,Other nominations,,Nonce CSP bypass using Disk Cache,https://jorianwoltjer.com/blog/p/research/nonce-csp-bypass-using-disk-cache
2025,Other nominations,,Forcing Quirks Mode with PHP Warnings + CSS Exfiltration without Network Requests,https://blog.arkark.dev/2025/09/08/asisctf-quals
2025,Other nominations,,DOM-based Extension Clickjacking: Your Password Manager Data at Risk,https://marektoth.com/blog/dom-based-extension-clickjacking/
2025,Other nominations,,Google Cloud Account Takeover via URL Parsing Confusion,https://infosecwriteups.com/google-cloud-account-takeover-via-url-parsing-confusion-c5e47389b7c7
2025,Other nominations,,"How I Accessed 1,800 Company Livestreams and Uncovered a New Web Exploit Class: RRE",https://jumpycastle.dev/how-i-accessed-1-800-company-livestreams-and-uncovered-a-new-web-exploit-class-rre-f74b7ef996e7
2025,Other nominations,,Exploiting The Not So Misuse-Resistant Authenticated Encryption API of OpenSSL,https://sideni.xyz/posts/exploiting_openssl_api/
2025,Other nominations,,Permission Hijacking at Scale,https://albertofdr.github.io/post/permission-hijacking-2025/
2025,Other nominations,,Stopping Redirects,https://lab.ctbb.show/research/stopping-redirects
2025,Other nominations,,ASP.NET MVC View Engine Search Patterns,https://lab.ctbb.show/research/asp-net-mvc-view-engine-search-patterns
2025,Other nominations,,Bypassing CSP with New Relic Custom Events,https://lab.ctbb.show/writeups/bypassing-csp-new-relic-custom-events-cspt
2025,Other nominations,,CRLF Injection Nested Response Splitting CSP Gadget,https://lab.ctbb.show/research/crlf-injection-nested-response-splitting-csp-gadget
2025,Other nominations,,CVE-2025-1974: The IngressNightmare in Kubernetes,https://www.wiz.io/blog/ingress-nginx-kubernetes-vulnerabilities
2025,Other nominations,,ReDisclosure: New technique for exploiting Full-Text Search in MySQL (myBB case study),https://exploit.az/posts/wor/
2025,Other nominations,,Python Dirty Arbitrary File Write to RCE via Writing Shared Object Files Or Overwriting Bytecode Files,https://siunam321.github.io/research/python-dirty-arbitrary-file-write-to-rce-via-writing-shared-object-files-or-overwriting-bytecode-files/
2025,Other nominations,,SharePoint ToolShell – One Request PreAuth RCE chain CVE-2025-53770,https://blog.viettelcybersecurity.com/sharepoint-toolshell/
2025,Other nominations,,Prompt Injection Inside GitHub Actions: The New Frontier of Supply Chain Attacks,https://www.aikido.dev/blog/promptpwnd-github-actions-ai-agents
2025,Other nominations,,"Attacks via a New OAuth flow, Authorization Code Injection, and Whether HttpOnly, PKCE, and BFF Can Help",https://medium.com/@anador/attacks-via-a-new-oauth-flow-authorization-code-injection-and-whether-httponly-pkce-and-bff-3db1624b4fa7
2025,Other nominations,,Blind trust: what is hidden behind the process of creating your PDF file?,https://swarm.ptsecurity.com/blind-trust-what-is-hidden-behind-the-process-of-creating-your-pdf-file/
2025,Other nominations,,Impossible XXE in PHP,https://swarm.ptsecurity.com/impossible-xxe-in-php/
2025,Other nominations,,Disguises Zip Past Path Traversal,https://blog.isec.pl/disguises-zip-past-path-traversal/
2025,Other nominations,,Hacking Gemini: A Multi-Layered Approach,https://buganizer.cc/hacking-gemini-a-multi-layered-approach-md
2025,Other nominations,,Make XXE Attacks Brilliant Again !!!,https://mp.weixin.qq.com/s/kUlXxJxKO-70QMNCQvLHZA
2025,Other nominations,,Make Self-XSS Great Again,https://blog.slonser.info/posts/make-self-xss-great-again/
2025,Other nominations,,Vega CVE-2025-59840 - Unusual XSS Technique toString gadget chains,https://lab.ctbb.show/research/CVE-2025-59840-unusual-xss-technique-toString-gadget-chains
2025,Other nominations,,Fontleak: exfiltrating text using CSS and Ligatures,https://adragos.ro/fontleak/
2025,Other nominations,,The Single-Packet Shovel: Digging for Desync-Powered Request Tunnelling,https://www.assured.se/posts/the-single-packet-shovel-desync-powered-request-tunnelling
2025,Other nominations,,Ruby Array Pack Bleed,https://nastystereo.com/security/ruby-pack.html
2025,Other nominations,,Racing and Fuzzing HTTP/3: Open-sourcing QuicDraw(H3),https://www.cyberark.com/resources/threat-research-blog/racing-and-fuzzing-http-3-open-sourcing-quicdraw
2025,Other nominations,,How We Broke Exchanges: A Deep Dive Into Authentication And Client-Side Bugs,https://osec.io/blog/2025-10-16-how-we-broke-exchanges-oauth-misconfigurations
2025,Other nominations,,Client Side Path Traversal (CSPT) Bug Bounty Reports and Techniques,https://medium.com/@renwa/client-side-path-traversal-cspt-bug-bounty-reports-and-techniques-8ee6cd2e7ca1
2025,Other nominations,,PermissionJacking: How a Subtle Bug in Safari Could Lead to Camera Hijacking,https://github.com/RenwaX23/X/blob/master/safari_bug.md
2025,Other nominations,,The Story of a Perfect Exploit Chain: Six Bugs That Looked Harmless Until They Became Pre-Auth RCE in a Security Appliance,https://mehmetince.net/the-story-of-a-perfect-exploit-chain-six-bugs-that-looked-harmless-until-they-became-pre-auth-rce-in-a-security-appliance/
2025,Other nominations,,VESTA Admin Takeover by exploiting bash $RANDOM limitations,https://fortbridge.co.uk/research/vesta-admin-takeover-exploiting-reduced-seed-entropy-in-bash-random/
2025,Other nominations,,Astro framework and standards weaponization,https://zhero-web-sec.github.io/research-and-things/astro-framework-and-standards-weaponization
2025,Other nominations,,MadeYouReset Technical Details - How (and Why) It Works?,https://galbarnahum.com/posts/made-you-reset-technical-details
2025,Other nominations,,CVE-2025-26788: Passkey Authentication Bypass in StrongKey FIDO Server,https://www.securing.pl/en/cve-2025-26788-passkey-authentication-bypass-in-strongkey-fido-server/
2025,Other nominations,,Novel SQL Injection Technique in PDO Prepared Statements,https://slcyber.io/research-center/a-novel-technique-for-sql-injection-in-pdos-prepared-statements/
2025,Other nominations,,Temenos OFS Field Injection: Revealing a Hidden Financial Attack Vector,https://medium.com/@omarelshopky/temenos-ofs-field-injection-revealing-a-hidden-financial-attack-vector-44df0e2bef9d
2025,Other nominations,,The Quiet Side Channel... Smuggling with CL.0 for C2,https://blog.malicious.group/the-quiet-side-channel-smuggling-with-cl-0-for-c2/
2025,Other nominations,,Fuzzing WebSockets for Server-Side Vulnerabilities,https://aretekzs.com/posts/fuzzing-ws/
2025,Other nominations,,"how to hack discord, vercel and more with one easy trick",https://kibty.town/blog/mintlify
2025,Other nominations,,The minefield between syntaxes: exploiting syntax confusion,https://www.yeswehack.com/learn-bug-bounty/syntax-confusion-ambiguous-parsing-exploits
2025,Other nominations,,React2Shell: JavaScript's Long-Awaited Deserialization Flight-mare (CVE-2025-55182),https://react2shell.com/
2025,Other nominations,,Trailing Danger: exploring HTTP Trailer parsing discrepancies,https://www.sebsrt.xyz/blog/trailing-danger/
2025,Other nominations,,Inline Style Exfiltration: leaking data with chained CSS conditionals,https://portswigger.net/research/inline-style-exfiltration
2025,Top 10,#1,Blind SSTI,https://github.com/vladko312/Research_Successful_Errors
2025,Top 10,#2,ORM Leaking More Than You Joined For,https://www.elttam.com/blog/leaking-more-than-you-joined-for/
2025,Top 10,#3,Novel SSRF Technique Involving HTTP Redirect Loops,https://slcyber.io/assetnote-security-research-center/novel-ssrf-technique-involving-http-redirect-loops/
2025,Top 10,,Lost in Translation: Exploiting Unicode Normalization,https://www.youtube.com/watch?v=ETB2w-f3pM4
2025,Top 10,#5,SOAPwn: Pwning .NET Framework Applications Through HTTP Client Proxies And WSDL,https://labs.watchtowr.com/soapwn-pwning-net-framework-applications-through-http-client-proxies-and-wsdl/
2025,Top 10,#6,Cross-Site ETag Length Leak,https://blog.arkark.dev/2025/12/26/etag-length-leak
2025,Top 10,#7,"Next.js, cache, and chains: the stale elixir",https://zhero-web-sec.github.io/research-and-things/nextjs-cache-and-chains-the-stale-elixir
2025,Top 10,#8,XSS-Leak: Leaking Cross-Origin Redirects,https://blog.babelo.xyz/posts/cross-site-subdomain-leak/
2025,Top 10,#9,Playing with HTTP/2 CONNECT,https://blog.flomb.net/posts/http2connect/
2025,Top 10,,Parser Differentials: When Interpretation Becomes a Vulnerability,https://youtu.be/Dq_KVLXzxH8
2026-ai,"AI agents, agentic browsers and MCP as web attack surface",,"Cache Me, Catch You: Exploiting LLM Caching Layers in vLLM, GPTCache & Friends",https://i.blackhat.com/Asia-26/Presentations/BHAS26-Wu-Cache-Me-Catch-You.pdf
2026-ai,"AI agents, agentic browsers and MCP as web attack surface",,No Tools Required: Post-Injection Exploitation Across AI Agent Frameworks,https://i.blackhat.com/BH-USA-26/Presentations/BHUSA26-Porat-No-Tools-Required-REV01.pdf
2026-ai,"AI agents, agentic browsers and MCP as web attack surface",,One Chain to Own Them All: Breaking AI Infrastructures,https://media.defcon.org/DEF%20CON%2034/DEF%20CON%2034%20presentations/DEF%20CON%2034%20presentations/DEF%20CON%2034%20-%20Ji%27an%20Zhou%2C%20Lei%20Lu%20-%20One%20Chain%20to%20Own%20Them%20All%20-%20Breaking%20AI%20Infrastructures%20-%20azraelxuemo%20v3.pdf
2026-ai,"AI agents, agentic browsers and MCP as web attack surface",,When Agentic Glue Melts: Exploiting Cloudflare Code Mode and Workers,https://research.checkpoint.com/2026/when-agentic-glue-melts/
2026-ai,"AI agents, agentic browsers and MCP as web attack surface",,Prompt Injection as Role Confusion (CoT Forgery),https://role-confusion.github.io/
2026-ai,"AI agents, agentic browsers and MCP as web attack surface",,The CoreBreak Attack: Turning AI Agents into Credentials Exfiltration Vectors,https://i.blackhat.com/BH-USA-26/Presentations/CoreBreak_BlackHat2026_FINAL.pdf
2026-ai,"AI agents, agentic browsers and MCP as web attack surface",,Poisoning Claude Code: One GitHub Issue to Break the Supply Chain,https://flatt.tech/research/posts/poisoning-claude-code-one-github-issue-to-break-the-supply-chain/
2026-ai,"AI agents, agentic browsers and MCP as web attack surface",,ChatMate: Remote Prompt Execution on AI Assistants through Sandbox Escaping,https://i.blackhat.com/BH-USA-26/Presentations/BHUS26-Lahav-ChatMate-Slides.pdf
2026-ai,"AI agents, agentic browsers and MCP as web attack surface",,Agentic Browsers and the Same-Origin Policy,https://agent-security.cs.washington.edu/agentic_browsers_sop.html
2026-ai,"AI agents, agentic browsers and MCP as web attack surface",,"Your WAF Blocked Us, That Was The Exploit — Remote Agent Takeover via Cloudflare, Sentry and Claude Zero-Day",https://media.defcon.org/DEF%20CON%2034/DEF%20CON%2034%20presentations/DEF%20CON%2034%20presentations/DEF%20CON%2034%20-%20Barak%20Sternberg%2C%20Nevo%20Poran%2C%20Ron%20Bobrov%20-%20Your%20WAF%20Blocked%20Us%2C%20That%20Was%20The%20Exploit%20-%20Remote%20Agent%20Takeover%20via%20Cloudflare%2C%20Sentry%20and%20C.pdf
2026-ai,"AI agents, agentic browsers and MCP as web attack surface",,Hacking Your Life with AI Can Get You Hacked: How AI Orchestration Platforms Ship RCE by Design,https://media.defcon.org/DEF%20CON%2034/DEF%20CON%2034%20presentations/DEF%20CON%2034%20presentations/DEF%20CON%2034%20-%20Peyton%20Kennedy%20-%20Hacking%20Your%20Life%20with%20AI%20Can%20Get%20You%20Hacked%20How%20AI%20Orchestration%20Platforms%20Ship%20RCE%20by%20Design%20-%20V1.pdf
2026-ai,"AI agents, agentic browsers and MCP as web attack surface",,Privacy risks of agentic oversharing on the Web (SPILLAGE),https://brave.com/blog/agentic-oversharing/
2026-ai,"AI agents, agentic browsers and MCP as web attack surface",,LGTM: Bypassing an LLM Build Gate When Prompt Injection Fails,https://media.defcon.org/DEF%20CON%2034/DEF%20CON%2034%20presentations/DEF%20CON%2034%20presentations/DEF%20CON%2034%20-%20Aviv%20Donenfeld%20-%20LGTM%20Bypassing%20an%20LLM%20Build%20Gate%20When%20Prompt%20Injection%20Fails%20-%20LGMT%20v2.pdf
2026-ai,"AI agents, agentic browsers and MCP as web attack surface",,A First Measurement Study on Authentication Security in Real-World Remote MCP Servers,https://arxiv.org/abs/2605.22333
2026-ai,"Authentication, identity and session",,Pass-the-Passkey Family of Attacks,https://www.dsinternals.com/en/black-hat-usa-26-pass-the-passkey/
2026-ai,"Authentication, identity and session",,Sub:jugation — Hijacking Cloud Identities by Recycling Namespaces in Global OIDC Issuers,https://astrix.security/learn/blog/subjugation-hijacking-cloud-identities-by-recycling-namespaces-in-global-oidc-issuers/
2026-ai,"Authentication, identity and session",,Borrowing Windows Hello Keys for Authentication and Persistence,https://dirkjanm.io/borrowing-windows-hello-keys/
2026-ai,"Authentication, identity and session",,AutoFail: Breaking Web Boundaries using Android's Autofill Framework,https://github.com/SecPriv/autofail
2026-ai,"Authentication, identity and session",,Zero Knowledge (About) Encryption: A Comparative Security Analysis of Three Cloud-based Password Managers,https://eprint.iacr.org/2026/058
2026-ai,"Authentication, identity and session",,Token Time Bomb: Evaluating JWT Implementations for Vulnerability Discovery,https://www.ndss-symposium.org/wp-content/uploads/2026-f697-paper.pdf
2026-ai,"CI/CD, registries and supply chain with a web mechanism",,Angular compromise through dev infra: GitHub Actions cache poisoning as a vulnerability class,https://adnanthekhan.com/posts/angular-compromise-through-dev-infra
2026-ai,"CI/CD, registries and supply chain with a web mechanism",,"Hack the Source, Of the Source",https://i.blackhat.com/Asia-26/Presentations/BHAS26-Ng-Hack-the-Source-of-the-Source.pdf
2026-ai,"CI/CD, registries and supply chain with a web mechanism",,Deployment Poisoning: A(nother) Novel Attack Vector for GitHub Actions,https://labs.boostsecurity.io/articles/deployment_poisoning
2026-ai,Client-side and browser,,CSS: the bomb inside your inbox,https://portswigger.net/research/css-the-bomb-inside-your-inbox
2026-ai,Client-side and browser,,Two Bypasses for Chrome's Sanitizer API,https://slcyber.io/research-center/two-bypasses-for-chromes-sanitizer-api/
2026-ai,Client-side and browser,,Are your Sites Truly Isolated? Automatically Detecting Logic Bugs in Site Isolation Implementations,https://www.ndss-symposium.org/wp-content/uploads/2026-f902-paper.pdf
2026-ai,Client-side and browser,,Stealing GitHub tokens via VS Code webview keyboard event bubbling,https://blog.ammaraskar.com/github-token-stealing/
2026-ai,Client-side and browser,,Parse and Parse: MIME Validation Bypass to XSS via Parser Differential,https://lab.ctbb.show/research/parse-and-parse-mime-validation-bypass-to-xss-via-parser-differential
2026-ai,Client-side and browser,,We Need to Talk About CSRF Again,https://blog.voorivex.team/we-need-to-talk-about-csrf-again
2026-ai,Client-side and browser,,JavaScript Functions Overload Confusion,https://blog.voorivex.team/javascript-functions-overload-confusion
2026-ai,"Frameworks, injection and server-side",,Transformers: Dark Side of the Type — Weaponizing the Conversion Layer,https://i.blackhat.com/BH-USA-26/Presentations/BHUS26-Mirosh-Transformers-Dark-Side-WP.pdf
2026-ai,"Frameworks, injection and server-side",,"Get Set, Exploit! Unveiling Python Class Pollution In-the-Wild",https://media.defcon.org/DEF%20CON%2034/DEF%20CON%2034%20presentations/DEF%20CON%2034%20presentations/DEF%20CON%2034%20-%20Gavin%20Zhong%2C%20Zhengyu%20Liu%2C%20Jianjia%20Yu%20-%20Get%20Set%2C%20Exploit%20Unveiling%20Python%20Class%20Pollution%20In-the-Wild%20-%20P.pdf
2026-ai,"Frameworks, injection and server-side",,"Write Once, Shell Everywhere: Turning Arbitrary File Writes into RCE",https://ethiack.com/info-hub/research/write-once-shell-everywhere-arbitrary-file-writes-into-rce
2026-ai,"Frameworks, injection and server-side",,"HashDoS in V8's array-index string hash, and a seeded but invertible permutation as the fix",https://hackerone.com/reports/3511792
2026-ai,"Frameworks, injection and server-side",,Finding Gadgets Like it's 2026,https://www.atredis.com/blog/2026/3/12/findings-gadgets-like-its-2026
2026-ai,"Frameworks, injection and server-side",,Path traversal in signed URLs — present even in the official AWS SDKs,https://blog.flatt.tech/entry/signed_url_path_traversal
2026-ai,"Frameworks, injection and server-side",,Remote Command Execution in Google Cloud with Single Directory Deletion,https://flatt.tech/research/posts/remote-command-execution-in-google-cloud-with-single-directory-deletion/
2026-ai,"Frameworks, injection and server-side",,Cast Attack: A New Threat Posed by Ghost Bits in Java,https://i.blackhat.com/Asia-26/Presentations/Asia-26-Bai-Cast-Attack-Ghost-Bits-4.23.pdf
2026-ai,"Frameworks, injection and server-side",,"FCSC 2026 writeups: Firefox `execCommand` ICU-vs-JS case-folding differential, Gunicorn `HEAd` smuggling, libmagic polyglots",https://web.archive.org/web/20260418230027/https://mizu.re/post/fcsc-2026-writeups
2026-ai,"Frameworks, injection and server-side",,wp2shell: Pre-Authentication RCE in WordPress Core,https://slcyber.io/research-center/wp2shell-pre-authentication-rce-in-wordpress-core/
2026-ai,"Frameworks, injection and server-side",,Smashing the ServiceNow Sandbox – Pre-Authentication RCE,https://slcyber.io/research-center/smashing-the-servicenow-sandbox-pre-authentication-rce/
2026-ai,"Frameworks, injection and server-side",,Your House Has an FFmpeg Problem,https://www.elttam.com/blog/your-house-has-an-ffmpeg-problem
2026-ai,HTTP and protocol,,Time for ACKrobatics: Abusing TCP Timestamps to Improve Remote Timing Attacks,https://i.blackhat.com/BH-USA-26/Presentations/USA-26-Vanderlinden-Time-for-ACKrobatics.pdf
2026-ai,HTTP and protocol,,Can AI do novel security research? Meet the HTTP Terminator,https://portswigger.net/research/can-ai-do-novel-security-research
2026-ai,HTTP and protocol,,One Char to Rule Them All: DNS Silent Vulnerabilities in Domain Name Resolution,https://i.blackhat.com/Asia-26/Presentations/BHAS26-Miao-One-Char-to-Rule-The.pdf
2026-ai,HTTP and protocol,,Alias Equals Zone? Large-Scale and Stealthy Takeover of Domain Hosting Service via CNAME-Following Cross-Domain Verification,https://www.usenix.org/conference/usenixsecurity26/presentation/li-ruixuan
2026-ai,HTTP and protocol,,CRLF-Powered Desync Attacks: Beheading HTTP Streams,https://portswigger.net/research/crlf-powered-desync-attacks
2026-ai,HTTP and protocol,,Codex Discovered a Hidden HTTP/2 Bomb,https://blog.calif.io/p/codex-discovered-a-hidden-http2-bomb
